-- phpMyAdmin SQL Dump
-- version 4.9.1
-- https://www.phpmyadmin.net/
--
-- Servidor: 127.0.0.1
-- Tiempo de generación: 31-03-2020 a las 04:49:12
-- Versión del servidor: 10.4.8-MariaDB
-- Versión de PHP: 7.3.10

SET SQL_MODE = "NO_AUTO_VALUE_ON_ZERO";
SET AUTOCOMMIT = 0;
START TRANSACTION;
SET time_zone = "+00:00";


/*!40101 SET @OLD_CHARACTER_SET_CLIENT=@@CHARACTER_SET_CLIENT */;
/*!40101 SET @OLD_CHARACTER_SET_RESULTS=@@CHARACTER_SET_RESULTS */;
/*!40101 SET @OLD_COLLATION_CONNECTION=@@COLLATION_CONNECTION */;
/*!40101 SET NAMES utf8mb4 */;

--
-- Base de datos: `extension`
--

-- --------------------------------------------------------

--
-- Estructura de tabla para la tabla `aspirante`
--

CREATE TABLE `aspirante` (
  `idaspirante` int(11) NOT NULL,
  `uuid` blob DEFAULT NULL,
  `primer_nombre` varchar(150) DEFAULT NULL,
  `segundo_nombre` varchar(150) DEFAULT NULL,
  `primer_apellido` varchar(150) DEFAULT NULL,
  `segundo_apellido` varchar(150) DEFAULT NULL,
  `numero_documento` varchar(200) DEFAULT NULL,
  `telefono` varchar(150) DEFAULT NULL,
  `telefono_fijo` varchar(150) DEFAULT NULL,
  `fecha_nacimiento` date DEFAULT NULL,
  `foto` varchar(200) DEFAULT NULL,
  `Descripcion` mediumtext DEFAULT NULL,
  `hoja_de_vida` varchar(250) DEFAULT NULL,
  `profesion` varchar(50) DEFAULT NULL,
  `correo` varchar(70) DEFAULT NULL,
  `clave` varchar(200) DEFAULT NULL,
  `salt` blob DEFAULT NULL,
  `tipo_documento` int(11) NOT NULL,
  `nacionalidad` int(11) NOT NULL,
  `ciudad_residencia` int(11) NOT NULL,
  `sexo` int(11) NOT NULL,
  `formacion` int(11) NOT NULL
) ENGINE=InnoDB DEFAULT CHARSET=utf8;

--
-- Volcado de datos para la tabla `aspirante`
--

INSERT INTO `aspirante` (`idaspirante`, `uuid`, `primer_nombre`, `segundo_nombre`, `primer_apellido`, `segundo_apellido`, `numero_documento`, `telefono`, `telefono_fijo`, `fecha_nacimiento`, `foto`, `Descripcion`, `hoja_de_vida`, `profesion`, `correo`, `clave`, `salt`, `tipo_documento`, `nacionalidad`, `ciudad_residencia`, `sexo`, `formacion`) VALUES
(8, 0x3bd2e321064344eb8b874fa7915e92de, 'Miguel', 'Angel', 'Rios', 'Perez', '61458748', '310333333', '5687458', '1991-02-13', '1585597632814.jpg', '<h2>How to write a CV profile statement from scratch</h2>\r\n<p>When writing your personal profile, ensure it is:</p>\r\n<ul style=\"list-style-type: none;\">\r\n<li style=\"list-style-type: disc;\"><strong>Short</strong>&nbsp;(no more than 6 lines);</li>\r\n<li style=\"list-style-type: disc;\"><strong>Relevant</strong>&nbsp;to the job you are applying for, and;</li>\r\n<li style=\"list-style-type: disc;\">Contains some&nbsp;<strong>real-world examples</strong>.</li>\r\n</ul>\r\n<p><strong>Be bold, be confident and talk about yourself in a positive way.</strong></p>\r\n<p>Your personal profile is not the place to be humble; it is your chance to be noticed and tell the potential employer exactly who you &lsquo;really&rsquo; are and what you can do for them.</p>\r\n<p><strong>Warning:</strong>&nbsp;Do not go &lsquo;over the top&rsquo; and give the impression that you are either very arrogant or simply too good to be true! Keep it balanced and realistic, bearing in mind the needs of the employer.</p>\r\n<p>Click&nbsp;<a href=\"https://www.cvplaza.com/cv-examples/good-bad-cv/\">here</a>&nbsp;if you want to see a bad example of a personal profile.</p>', 'hojadevida3BD2E321064344EB8B874FA7915E92DE.pdf', 'Ingeniero de sistemas', '1@a.com', 'D1D13BEFA4F0E25381C59A59B115D913F310A4BCA251DED1F42C5B7FEB19621F', 0x4a98356c940e2b53447e6e925f4aef2f90c19212, 2, 52, 1, 1, 6),
(9, 0x53622ecdf2c449c9a17350409fd7b2c3, 'Maria', '', 'Gomez', 'Perez', '541154481', '646416161', '15151616', NULL, '1585510808680.jpg', NULL, NULL, NULL, '2@a.com', '66480DC6A2F1ADAB6ED9B1D7EE0F6B6CCB3D90D7796135D6D5A8CE5C2147FB1B', 0xd6064587e954b1af8ee4c7ea5fd3515d52a98cc2, 2, 52, 3, 2, 8),
(10, 0xbb63af56bf86428ea15095cbd9dfdad8, 'michael ', 'daniel ', 'moreno', 'diaz', '1018494165', '3105731968', '7851705', '1997-04-28', '1585610904041.jpg', '<h1>JHHUGUGUGUDSADSasesdfdfsdfsdjnsdfjndsfjnfsdjnfsdjnfdsjndsfjndsfjndsfjkndfsjkndsfjdfsnjkdsnfjksdnfjksdnffjsdknsdjfknsdfjkndsfjkndfsjkndsfnjksdfnjkndsfjkkndfsjkkndfsjkndfsjkdfnjkdfnkj</h1>\r\n<h1>&nbsp;</h1>\r\n<ul>\r\n<li>asdasdaas</li>\r\n<li>asdasd</li>\r\n<li>asd</li>\r\n<li>asd</li>\r\n<li>asd</li>\r\n</ul>\r\n<p>&nbsp;</p>\r\n<p><img src=\"data:image/png;base64,iVBORw0KGgoAAAANSUhEUgAAAtIAAAE3CAYAAACHC6YGAAAgAElEQVR4Ae29+5Md1Xnvvf+M+RWXf3FVqhz/kBNECIaxOYCEHWdSyntMjnOChZMQxboibEmRjeWxhEYjAdIIbHmbU8Wbka3wjvAFSYZY4AP2CBudUWFAsiwh5RWHjDCE7SM5nqMA9Zx6unv1Xmv16n3tvWdfPrtqpu/r8llP9/r200+vLt2+qSz98vcX95Vl//7e//uH3f3DtJ22XzfR+bbYtqcsa3eU5TNfGRymy774Dbl1/R75z6sm5WN3f01G/+arzt/H/mar3PzXX5KbP/eldPr3WyZk375H+IMBNoANYAM9agN33fewfPLeKfnkF/al00/0kcZqRw8M87Glfqr8+omyPPKNzou3dsX6fQ8MjuirZR9/ubX4tti1rywbd5XlrvGyfOofBofjbRv2yS1rdsvHV253RLMvonX5Y3/zlVhEI6QRDD0qGLip46YWG8jaQCqkVUwnghohPTj9eJ4e6ishvXOqeOHWrmgOHb99T5cNZ+M3F+2pwtTX22uTfV8vy30PluXvt5fl//lyl7l10FOw9AuPyK3rHpKb/35CPva3rsc5JJ7tdXiksx0UnTZMsAFsoNdtIBXSeKQXTZPkid1Oru8rIb33kfZEW0j0dmKdhiN0stF6KW31vjfL8P69ZdGnC/9t6+BwWvbF/XLbPXtzwzVsoVxvHo80gqHXBQPlw0axgawNpEIaj/TQaCDVY30lpJsVbIu1//hDiyAQF8krvXJ7fSH94MNl2byrLH/9tbL86QCFayyNwjUekI+vvL9uuEY98WxvxyOd7aDotGGCDWADvW4DqZDGI42Q7iWPp12WxRLGzearHle73F2ZXyQhreEYPh+NY9/6YFlW3V+WTw9QuMayL3w9Dtf4vIZrjBcqnl0hHYqR3km8MPHC2AA2gA30sA2kQtrySHel/+9gmCLlr6/n+soj/cDDWdHmi7heWFYP7DAZn74gOLG3LBt2luWvvjo4dV+2UcM1puQ/r94lH/+7bR0TzraI1nnjkb7l7q/K0lU75PZ1D8jabQ/TgfZwB9rrnjLKhzcXG+i8DaRC2vJID5MWGNa69pWQ3rEXIV3TUBfJK/1nWwZHPC+992G5Ze0DcvPf7+iacDZC+uN3b4tE+23r98gnNuxJ3/rWt7/XfA0hjRDovBCAMYyxgdZtIBXSeKSHypnYV0L677aV5et9MPzd7n2LIyx1fOKaQpvHPxk+0ZjO63RM550dDdcwYtmeanjIzZ+fiMJFNGzEtN0nNn3TGYdUhTQe6dY7N4QB7LABbKAbNpAKaTzSaX9m+rVBnvaVkNYX1XohdKNWGb6xvywbJxHSvXvSfDMK17hl9W75+N/VH9PZFr5FzOuLibeseUD0RcU8RghpOv1udPrkgZ1hA8XaAEJ6cbRPXl/arfV9JaQVytf29L6Y3rRrcYxJh2C7fdPijSndLaNtNp+l9z4it6x9cFHCNfTLhfoFw9vW75W4ferbBkK62M4NsQBPbAAb6IYNIKTr92/N9t/9sH/fCel+CO9YzC8b6odA+sHwOlnGep/gLsKzXCsN/QjLrWsflJbbYuP+OD46+TIWMdKIgG6IAPLAzrCB9mwgFdLESA+VDuk7Ia0CrN6HWZ48/bZc/Y/35PKF5woOBTkiv3z7qrz3H5flwo/zPeP6pb5OCsVaaevLcrW298e2Z+Xpf6nIxX85IzubiOvWOGMVsbVEbie26We/NVREPwNexBMBPNLtdWaIAfhhA9jAYthAKqSJkR4AHdK4jmtYSH/rtasS/C38Tl6bm5VVTQiedsXcX23NF7Eav/zMhd9FRX1v/kTBQvpZufBbTfo9uXQivwz68ZF269jq8Us3DIKQ/pm8tCAiC2/It5qwq27FPMfhGjvl1vV7pBMveCKkEQGLIQLIE7vDBtqzAYT04mmfVjVTEcc1LaSv/qYiFy8lf+9clavvx/L66qUzcl8ToqfdwusnpvXFvvCLfwflyR89JTO52/OOa2D9d47I0z98IiffeFSRdROLZ0yxV3Tx8m+3XePjmxfSGgfdCW+zSVOHw9M4a82nmDrmtxFCur3ODDEAP2wAG1gMG0BI5/drne43FzP90qc2V4fdqlUQ45G+eMIDte+EvPTvsZf24s+PeCLjCXnox2fkx3Pn5Mc/PykPZYaFOyibnjgpT5vt5YPe8WVZUf6ZPKnb587Jk089ZXm+D8qhp5+VZ350RL69/wn5HyfPyNlfvSovHC7LfhW7zz4rR58wwvgJOfrss/KMCuDvHEn2PSNzz+mxZh9r+p0j8sIr5+Tsr87J2VdOWOmU5dtP/kieeTYg0p94TuZOn5Nf/eqc/OSnz1nljHmtKP9Idj7+I9EXEVfNWHXOMLH5HpRNB56VnQeOyIpNT8h9T70a4GDv/4Q8eCzeJ8vbTStul1flW48mx+97Sh6bDXE26R+UTUeTtOdelW9l2uoJue/xZ2XnY0/I7buOyLdMWke17CYNM7XsYlafZthl031aENJfKFZIq3dbP8SiH2S5vcvjcyOkEQGLIQLIE7vDBtqzAYS06eOHa1q69d69GfEaEtS5QlpF0sxFeUe19DsXZFMimlZ874Jcejf2Vqf/3/+dvHTUiOUjcuh/JeEiiVc7Cpk4/bNEeB2UR16+LJmAkstvyqHHYrH1ij7+v/q2vFF5L8miIr/8Tln2H38jOq5yxojjM1LRPX5bkXTX5Ij3Ll+UF/SYRFB/+ycX5LJJzhT8/d/JpZeeivZ54Q0tUUV+mQrwg/KT1y6Lf4i8e1l++j1T17LE/K7KpX/9nVundyvydFSfkOEZQXlZLl42hUmmC2/Lk9Zx9XmbtN6Wl35tSluRpzUM5fAFece0lWkLO/3HfiGn/fy1uf/lF9ZTiDNyUYv2m7flNW0X6/fb10ybluX2x87IRZOX2efyZbmkWNNQDlPW5kI72vlsdzym8065dd0escd0Dp0LnV6HkG6vM0MMwA8bwAYWwwYQ0iEdM/jrSqPrJtsX0ptmE690RZ5WIb3rpJxWYaRiMvIiqzczEdbvvi2HVLw9Hovvq//rF7Fw3vecPHnxslw88VRUnhU/eTsSnFd/84Y8OZN4OX/+trzz/nsSe74TsaVi7GpFLp4+I7989WfypArcPCGtu75zTl784RPy7Sefk1ffjGX6e2+ejD3T3/mFvK0a873fyRuvPCcz+w/Kky+ckbf/XeS9d85EaftC+tv/881YRC+8Ka/++Al56OEn5KHZNyUKpTZ13WSEtIj8+5txfTY9IY8lcefvnH42pw2qdYw4PHFEVqjn+NXkBuOdC7GQtXj/5MiTsuoL01nexsurvBYq8uLPz8jTL/wsuvE59K+68nfy00iYJ231zhvyrSjW+yn5aXSX9J5cevVnkUddnxL8NAIl8s7p55KyJ0Ja48fNft85F4vm99+WQ9EN1s8SO7kqF+fitFbNvFoV6W0K6Zs/v7Op8I5oTOe1OqZzb8WVI6QRAYshAsgTu8MG2rMBhPTgi+aQI6300TX3yycbGHu4pkd6U1me/rWKsVhIrzgR+X/ltdmqR1YzXzH7tu4kF39eFdLqxc6GCRyM03v/bXnSe3Fv02NPJR7rRGS+X5HTGs6ReohrCOmrb8gL9n77n5ILkac19jB/+0xc7rdfOeimd/gpOZp4rV0hfVB+GR1yWS78sCyPfKMsG3bGhnTfy7EL99JLcbiL8Ui/dNQytF3n5JICuXSmtpB+vyJPmxCMSJAelIMXVfFflZd+UBabt37ow4zc4fA2QjqTVlliIX1VXpvNhqTcfviN6Kbg6sWTboiGEe9X35THojIlQvrtc85+ab1/UJbbn3kzvjn6lxNufR9NOLQppDUMw8Q0h6bpJ7jv2SvLNuqY21Zb9NA8Qrq9zgwxAD9sABtYDBtASPdmn9rpvj4W0hvre+RqC2nXI232jVRz4N9vz87K7ZuOyMHX4tE1ol109I9XTyShAolI9kSZCyPZZ8EXx/lC+uobP3MF8v6yxML4qrxx3MxflrNWqIcj0NP9TWjHzySK9LAE+qfvSwwpEaAa1qDlTgXlYdvQEvH56zpCOsQhuVnRmPXGeFd5ZUbCmDlXDcN5/z357a/fkCdNWIqVj8vfvXm6fVO4Lk69c9N6Vl7U+442hbSW75Y1u1Mx/bG//WrwE9x+PXptGSGNCFgMEUCe2B020J4NIKRtfTM885GQ/vj6B+t654xYy7xsqJ48L0baiKfTzz0rO/UFNO/vPusFO33x7sevVeSdOMpCrv6rhnokos+Kuc6Knaow/OED8WgZqejNCe3QEI50n8QznQrpn1aF9AXfw215sV2PtCukt9rjRxcppEMcjCj9uRHSV0V5T3z7n2XHt59ymMe8q7wyQlrbMHpB8KKcNg0hv5MXZ8pye5LPpTn36YK2h/0Uoj0hndyIFSCktVzqbV7sOOesvTZ+UckI6S/sk7XbHhY6ufY6OfjBDxvABjppA5GQ1jGkGUe6rqZsp4/stWMjIX3j2om6lc4V0qFRO34Sh3A4L5lFj86fkFWWiL5910ErDOAp+elvql5JE25QfTlRhchB+dZPzAtuVWH4/365wdCO9y/L2R9a+37npFz6DxH5jzflRRXLv4jLrZ5rezSPb7/wC3kpOc4V0mV5KTrkPbn0Pw/KXxhvtJYziX9+7SexgDI3Fy+14pHWEI70JU1Nz8QtX5Yfa8iHxfvOe6bikSYyvKu8skL6oKywQmhWPBfHp0c3TUksu4bgOMMbPnZOLumLiZcvJh9NacAjbW643j7npLXiaBw+UoRHutdOsFbKkxHS904hpPchADopAEgb+8IG2rcBPNKNO4xa6Rt79ZhISN+w+n751ObaMaNGGDrjSP+mOo70b//1VUscPSVPJyND/PbtN+Sn0fB1F+U1HQ7j35ORGH4Qv3z420sX5OAPnpWdTyUvI759Lh75w4zu8P5VuXgmHpbtxWhoB5GLJ76fGSJNx5V++BuJSM7xSEchJO9dlkuvnZOzr70hlcgL/p5UzsQjcuzf/5T8MhnW4+o7F+Ph7y5W4rGyK2fke5nQjrLs/+EZeUfDlQPlvPrr6tja7QlpO/2Eow5Cko6GYfF+63X5yQkdctDjbbz8qdfXGPz35dDFq9GLoad/fkJ2Pj4rT+qyvCen/1n3qd4UXH3nzbgtX34zCQWxBX4DQnrTEXn6UjxiSJrWmYr8Nh0pxIzSUUv0m3IP7jQjpPFI443nRgIbwAZ63gbwSA9uv1xLxKdC+vYvTtX0Shsh7Yc8X837suGuWflxInzTY65elpd+8mzihX5KDr12Of2gS7TPv/tDup2Ti/ZQau+/J5fOnEjGaM6KrR17k4+05Anp/31RzqahCypO35PKa7OO93n/d2bdfVRSXr4oLyZjUvseaQ0V+eaPz8nFaCzttKby20vn5BHLy9uWkF54W36qrKrJe0PPaWhGPd5ZXsYwVnzPK79yToch1BMj0Fbals/FI6zE6TQipAPl1BuQuVe9Lxnml9WUeZCnGSGNR7rnO1C8ee1782AIw363ATzSQyykP7r6fvnY+t01hXTrwiX+UMe2zAc8DPD4Yxz52/WjLD9KPkpijglPl3+pLHsfsUI30tjmZBzpypk4Rvo7R+Tp6EMuoX2TdbrPsz+SJ2u8eKgi+uGvl+W/fDkpzz6NTbY/GhMuZ+MsfUGpLGunf+u6afnyt/9ZavHMzb9u+eu3VW7aUaiJxaNuXta+/rEDvpwKaRNrt0ge6R37HpIvTu2QlVNb5c69W+S/7t0kf7F3o/zl3s3yuakvy5qpcfny1KQ8tG8fQhdvITaADQy9DTge6eT63XCfOOD92iBzSD3SH129o0NCuruC6L9+JRa37kuFnpBOBXYNId3APjrc3V9u7WT9fCFdP69bdFzke+uPwjLIRt3vdYuE9L1T8knrb+3XuvOyoYriDVPb5S/2bpI/2XtPw39/PfVl+cq+XUPfkfa7R43y4xXGBlq3gbvu2+dct/Ua3u/9EeWvr7uqQnrN/fKpTY19LrwW2E/0wF3VHfeV5cGH43GdY0FdrJD++jfKsueRsqhor8Wi/W3NCWkdrSIS0l94pMPl6nS9hzv9xRLS90xtl7G9GxoWzyGhrZ7r8X27EdR4J7EBbGDobAAhPZx9d0nDOvRlQ53ecs9DAyPA/vQfyvKVB42Yfk7mfnVOzp58LjP8neu5ru+hVi/0+ENl+bMt3TCYI/KtF87Jj5MvENYT5su++I1ISPfz0G/16jgM27stpO/f92AUrhESxq2u07APPFute7ZgBztsoP9sACHdDV3Ue3mUPrpmRySi9QuHjX4uvL6Y+WbPCPK7t8Vx0+mIHg2EbITEtR4/9fWyrNzee41o2kM/da0eaRXUZh3T3m2vvLbpppD+0tRO+VSbXug8sX3X1Jdlz77uhKQgOvpPdNBmtNmg2QBCuv/627x+uJn1pRvWTsQe6TXqld4uf7K5ABG8sYA0Cg4R+fz9cbiHhmXoX0gs++vMvg89XJbV95flE5t720huXb8nFtI9/PnrZoxzWPftlpDeMrWzrTCOPAFtr/+rvVsQ0zzi5+kENjAUNoCQ7m2N1ClNUfrjtTtFvdHR3+r75ZMNfC68XmGW9aCQNmX+y6+U5Z6dZZmYMmEf8ZB5Kpq/kXirdX7nVFk27CzLf+voy4QFGt3Gb0Yi+ta19b9SaVgwLZB/gTd+n9i4P/PCStEvG3513+6Oi2gjqHWEj0HzPFEfvKnYADbg2wBCujf71E5rndL16yZTj/QNq7fLx+8pSIj1sJi2oWqssw5fp18l/PSXuxX7XLyxaVz0LWsekNvu2UtYR4Gi1raVbs13WkjryBz/Ze8XuyakVVCvnfoaYhqvJDaADQy0DSCki9c23ep328mndP26XZLGSa++X25q4HPhjWRInG53Deq2e6YiIa1x0o20D/t0t32a4a1C+k90DNJ7p9Lp2m3FxRrruNDGW9zN6df2PdC1TnRq6mHhrzcY+F47lvHkDqoNmA+y2NfvZq797Nu7/XKttildt263/PGaifiFw9Xbo+mnNrf/stqgjByho3/81day6CfI9W/7nrJ89aF4Xl9k1G26Ty3I3dh267qHIiHNDczit0W77d1Jj/TXph5YFBGtgv2ze7d0TUiPj2+TjRs387fIDL7yla92rc0HVZxRr/658cAj3f/9byv9d+nadbvleo2TTobAu3HN/bLsC+0PIh4J6T4J7wiBu2u8LF9+IH4pUWOnddg7/2XEfV+vxlV/afc3I1EdSqvT66Jh79Y8EMVIdzov0u/8haKTQvqvp+5bNCGtYlpjs7shDBDSvXETgZDuHxHYjfNy0PNASHe+f+xFDVL6w3UPyB+tnXQ80h9b1/7nwvXjIEv78MMgnxuPh8szLx764rnWsr6kuHtfWTSNbjb20nv2Rd5oHbWjm/mSV2faOSSk13yt/c9wT+7bs6giWoX0307dh5BeZC9xNz31CGmE9KCLZ7t+COnO9Im9rjVKf6BCWuOk18bhHTet2SE3rr5fivhC4dIN+/pG2P35l+KQjVYEtC+uNQ0N/+hKyMfGb4qO1BG9aNhHvHv9xFjM8oWEdBGjdtw7tX3RhfSn9t7TleHw8EjjkbYFDvMI+m7YAEJ6iIX0krUmTnp7JKJVSP/Jpupnpk+cOCH8wQAbwAawAWwAG8AGsAFsABuo2kDkkf5DFdLrJlMRrUL6lg3Vz4UrMH4QgAAEIAABCEAAAhCAQJVAJKT/YO0DEg2DF71wqCN3bJfRtTvTsAyEdBUYcxCAAAQgAAEIQAACEFACqZD+o7W75IY1E3LTmvtFR+7QP/O5cIQ0xgIBCEAAAhCAAAQgAAGXQCqkTZx0JKJX3y83rt4un/xi/LIgQtqFxhIEIAABCEAAAhCAAARSIa3D4P3x2snYI716ezT9+PoHovAOhDSGAgEIQAACEIAABCAAAZdAKqT/k8ZJ63jS0fB3sZDWofB0GDCEtAuNJQhAAAIQgAAEIAABCKRCWl84NONJa3jHTeqVXr1d9HPhCGkMBQIQgAAEIAABCEAAAi4BR0gvWbdLbli7M4qPVhGtcdLLvrAXIe0yYwkCEIAABCAAAQhAAALVUTvUI/2Hax+QG9btisaTjkbvWL1dPr5uF0IaQ4EABCAAAQhAAAIQgIBHwPFIV8eT3iE3rYk90uqZJrTDo8YiBCAAAQhAAAIQgMDQE8gI6Wg86bXxeNJRnPSa+xsX0peelM9++Ab5gPlb+aT8Olq3T+ZE5Nff3ScHLxXH/Nffvbea14dvkM9+998yies+2zRzqxwyty+4b+bgwIq53TfE6dnb5vbJB3a/IrotVAZ71yLn53bfWyjPtGxt8NE0lENqAx8O8EozKnCm5TL/mxxc6ZZXy950O156UrYF7K/5Gr4i28z5Y00jG/YSy23/wsriZcgiBCAAAQhAAAIOgYyQvlY/F752Z2seaRWru19xMrAXOiGkQwLDzTMR0vbKlkWXqsRYNDvJdUrQ2pkE5nOFVGDfpla1wycS0h0S+LUq0WaZNen0pqtWPnnbOiBe67Vv7vYOlCWv2qyHAAQgAAEIDDOBjJDWYfB0POn4wyzbZbRZj3RGSL8i25J1jpBWQZp43Jr2/iUtlid8qh7Re2XbbiOkk3JY+X5APeZNt756DGMPe3zoK7ItScepn1iexWi7ej6rxzne6xZFYCqkohuYJ6ue1bRetrfV5B1YZx//mfVpu7TGRz3SISFt8bC81NG+341tYdsxvRGr1kNvktKnDmmd7HSSfNpu07glXXuyObke6rRMar+mXJZ4tbfXu9GrZX5VjoE6mxuWOespkDn3rLJIxg5r5cg2CEAAAhCAAASaIZAR0lGc9NpdcuPaiWT0jtZDO2KBHBDSnue6KhiaKbolshJBHokWFVVG3EgshmIxUy1HO6EdWkIVwUYgqWgyNwJVIa35GuEae7F1n+pxiTBKhE+r9U+PU54fropXk49dNkM2PUZXmHbwji+Cj7lJ+kB002G3gxtmo2XVsJjo55QjZmTYmjqZeqT7m2NbvBmx01Nepl01P5N3LEYt0Z7aV2wL0X5GvGodrO12+s3OO21lDjZtlthh0NZNWSL7z9qhSYopBCAAAQhAAALtEcgIafVIL1m7Sz6qXzlc3RmPtO2xM4LLCJhmqmMLH3OcL7iq+xQnpKvhHSoQqwI2FdKRIPTiblXwGbEXCZ1XErHtiW5TkQamqdCyxFV02Nw+Ky68Kvod76SJv1XRFzi+KiIbKIi3S1ous17T98Sl2cdMo12dcnhcTJ2SEAxjN6mQNGxNni1MHVtxnjpUwz58+7JvRuIY6fimIb05aKEc5hCbjXPOJCzt7XqM7pMR9aadzdTceJhMmEIAAhCAAAQg0DKBjJCOh8HbLTesm0zHk2541A5HCJkyVQWsEZpph292aXFaFT7VBHyhU92nWo5U0FYPa3JOvaX7ZM4TiKZ+kbjyhGOcQRwGMpe8dBntr4/mWxQ3qZDyuVuiU/NVJrFnOCm3X9vA8T0rpPWJQ8qrGlbTfptWxXJ8w2F5cq34ad++skI6gZuEm7Ryg2iaJ23fnDqn25MD0vPKeKQ9+zTpMoUABCAAAQhAoBgCGSGtHmkV0yqkP7r6/s7ESEciwxUqrVSnKpKrR+u6qtCKvYOxmClSSCeP9FdWwzq0BKmQTuJSsyJKy3OvfNaEfagXdWU1nKBai8bmUiEVEMJ+3vG+MY+MSA4cn9mnsSJFe6XlSo+x28EP7ah69FNRGh2nx1g2ktwcpGJR91E7MjcshXqkrZCNqCx6A9JgaEda52pIj72qmXnDMa/OKuqr7WSV0QjpXDtsphTsCwEIQAACEIBAHoGMkFYRHcVJr9slH10zIaPNjCPtC7Io16qArQrN2PuXPp73HqPnFdZfH4lm88hap5GnMhZtcdqBlw1NmXR/I8L8hBtZjm4GLBHoCGkjFqvhHUbYukLfEj+N5OntY4SWK0BjAaf5OXxsL67FLBJimXbTcrXOJy2XXV7NI823ys3Z1ylHWEg74Sm796Uveqbr22hT5WXaKU0vKXN1vfHwJ21ruBrx6tTTuhGwWTQ4X2WTtIeWxaqzbteXac15lJbRlEXzccpjh/k0WAh2gwAEIAABCEAgl0BGSBuP9HXrdstH1+5sziOdmw0bIAABCEAAAhCAAAQgMFgEMkLaeKSjz4XrC4fNDH83WGyoDQQgAAEIQAACEIAABHIJZIS08UjrVMeTvmntjsa/bJibDRsgAAEIQAACEIAABCAwWAQyQtp4pFVIXxcNg7cTIT1YbU5tIAABCEAAAhCAAAQKIJAR0rZHesnaeBi8hoe/K6BAJAEBCEAAAhCAAAQgAIF+IJAR0rZHWkX1DWsn8Uj3Q0tSRghAAAIQgAAEIACBrhLICGnbI62iWuOk8Uh3tU3IDAIQgAAEIAABCECgDwhkhLTtkdZ5jZNGSPdBS1JECEAAAhCAAAQgAIGuEsgIadsjrfPXrnsAId3VJiEzCEAAAhCAAAQgAIF+IJAR0r5HWsU0Hul+aErKCAEIQAACEIAABCDQTQIZIW17pFVUGyGtYpo/GGAD2AA2gA1gA9gANoANYAOxDWSENB7pbt7HkBcEIAABCEAAAhCAQL8SyAhp2yOt88Yj3a8VpNwQgAAEIAABCEAAAhDoBIGMkMYj3QnMpAkBCEAAAhCAAAQgMGgEMkLa9kjbMdKDVnHqAwEIQAACEIAABCAAgXYIZIQ0Hul2cHIsBCAAAQhAAAIQgMCwEMgIadsjTYz0sJgB9YQABCAAAQhAAAIQaJZARkh3wiP9/33viMx876j878tXmi0f+0MAAhCAAAQgAAEIQKAnCWSEtO2RLiJGWkX0Bz58Q/T39DPPtQ1B09iwZbt8esWqhv7+Zs3mSMQ3m3G38mm2XN3e//U35vv+BmjrxJ6GbOXVX55tCa/aeKP2aPbTYyr2PvIAACAASURBVIr+PfjIo33fVkUzIT0IQAACEIBAJwlkhHTRHukihbQKHRXlf3zrcvn0Z1c19Kf76jEqCBv9dSsfuzy9KFj1CcINt/25GIH5wosn5YUT2T+z3a5PL82bG7l6U71B0/o1Wx+1xQ//0W0N2aO9b5GM7vmHbaJ/7fz05vH3r1+a3vjW46X7duKGwK+DtsdDj/x3p13ybLGZ89zPp9nlZcs/K3rzYn5azn48P0z5mUIAAhCAQPMEMkLa9kgXESOtYkw76CI6XO20tHNvJkRE99VjHv3Hf2qYTrfysQukgr9dIWSn1868ipGvTuyNRIJ6c/Wn/PKElZa9l3955c5br2K3mZ+5qat3jNriPz/7fHRz0mwetdIuQkRr+lqmPCZ56/969aZaRStkmzkfjWjtFVtUMW/KpCI6j5Gu76bALwQ6iUAAAhCAQEMEMkK6HY+0imXz6LrRaTMC23SooZppOnliWTsy0+GFjvXX1crH39debjYfc6zphNXD1ws/FXzqbdM/+xd5AdUr7f1p+dv9qWDXGy7z03kV80X8agkce5sKUq1zsyK3npDWutz+559NhZbxXhdRt6JEtJalFSHdLKtW6qz2peekbWe+DZrlbgpWzdO+rmj5TDnsqV3uVurPMRCAAAQg0LsEMkLa9kg3GyOtQtaICp2qKLGFis4boWL2K0pIm/RCqDVfu8ML7WOv67aQVhGpf1pOW0zaZdL5bnfIzXj+/bI2s6xiUMWlXT+d13UabtHuT9ka+6g11TzN9mbyzDtG+Wn5Tf30/LDL0kweoX3riWjNv5k2zKtHs+tDZWUdBCAAAQhAYBAJZIR0Ox5pH5B6ZXwhreta/YUErgpPjZ/UWF7903lfnPe6kNbQCK2HPiZXcWR+KrzUS61/6p3VejTyU8a/fuvfMrvqurmXXsmsr7VChZ8tcGvt2+w2FXn6Mqgvok06RkzrPs0IQnN8K9M80VgrrdAx6hnV9VoHvXnUZW1fs163tfNrRESrF7yZG8hQPbSMza7XY9QG/8//uepUUZebtT8ngQIXijhH9Pz87//4eIGl6n1uhVaWxCAAAQgMAIGMkLY90u3GSGtn1WkhbV4mtPPxY3Z7WUgbsai2pDcAJrxDBZcpt+5j6tmIzakof+Rb/+iIaRXRuq6Wx9ukraJV89fyaL66rGXIC9dpNQRDBWaeiDZlMXxUFBbxq1UPrZ/yb1bkhoSmimbNS8WWEbMm3dD+zdRN0zNphY7T9lJe9k1ZaD9/XV65ml2v6f7ghz+S6X/6biqmVUTrciP255dLGeq5oFP91WrDRm2x3XNEy6FpqM1oeZS53vCFzpFmbgSL5OZzZBkCEIAABIonkBHS/eaRNkjyOnvdbgSp2bfeNOT5rndMK/noMerxNS9saWesZdUOWkWszptfs2UyQkEFsf41KqI1PxUGKqBVVOq8/vSmyDD2p1qHVn4qpO08Qmlo/q2I21Baus6+uVMR79dFl5utj0nD5KltZ0KYTB66rEx1X7PO7N/sVG1BhbLai/9rVURrOlo2tblm/vSY0C8Szo9/NxLPWiYV0dOPfze0a911vpAuyhbbOUe00Nqe6pHW+uk5puexsQV7qutDbRWqeJHcQumzDgIQgAAEiiWQEdK2R7rZGGm/aLZoMZ2zrmv1V0tMasdlBKmfvuatxzb6q5VPrTSazUfT0s5YvWhm2CwNT1FPol8Gf7lWOcy2uV+8GqWjx6poaOanAlYFYSd/Ki60rnli2ojoZj2rtcps22SeCKx1fGibEU26Teukoll/Wn4jylUMmjaw9w+lV2+dEZa+mNa8W/FEm/y0XGqPai/2n67LW1+LoRGFmpaKaF3utV8754ieH1o3FdFF/vqBW5H1JS0IQAAC/UwgI6Q74ZFWIaR/KjQ7JaRVROR1aM0KXO0c9Zhmf83mo0JLjzHCyggZFZbteqRN2c+d//9FxUKrP2WqbDv5C4npTohorUOnhbSmb0IQdGrsXQW11kl/pr1bYWrsQu1G/4yYbldE1ypXXnnz1tv1UlGoDHpRRJtytnuOmHSKnPYDtyLrS1oQgAAE+pVARkjbHumiYqS1I9U/7fiNsGgFmBER+jjVeHCNOFEhYdbZU91X8zXewEby7VY+Kq7U02f/tJxaXuN11KnWTT3Vur6bPxXRtrc4asfAB1nybmCaKauysNtI5403t5l06u1r7FBZqhAs4mcLSl88m/TtvOz9zfZGpsYutez2n4rpdjzRJu+8cjW73qRX1FTP8V78IIty0acPxv61nPa1x8yba1RRPEgHAhCAAAR6h0BGSHfCIx0JsAKEtApK7bhsEaGdmaZvhKa9zcz7YrUe/m7lo+UKhS1oDK2uN55xrYfx6NcrexHblaeGm2iojBGzRtgbpva0Wb5FlLHVNDotpLWd1H70p7Zpfv68vWz2qTfVY2zuxi7UTvSv3Z+mb0a+UeFq/nRd3vq8cKp2y2Ifb84DU8desUUtjzJTm1Kx7LeNvWzEtl0v5iEAAQhAoP8JZIS07ZEuKkZaOxojYHTa7k87JU1HRbV6TLXDUjGnXkyTl5m24w3qdD5aNiO6bCaab6jjbacudvqNzKsgNLG+Zn/D1J+GymqO6bWplt0InFbEbKg+mo7aYTrqx4pV9ectkR1KM7RO8zFl16m2UZE/9XjreWTnUWteb/jspwhFlsVOS+1eRatt/74NmuVu2qK2R8Yj7X2sSMtll9uuF/MQgAAEIND/BFIhfe2aSfnD1TtFp9eunpQl0XSnLFk9KSdOnGippka0mE5OO2WdL+pnhIXtBSwqbTudbuVj59kL8yGR3wvlaqcMWif1omqbqnAs4qceUk2vmb+i8i6i/KQBAQhAAAIQgEBrBFIhvWT1hOjfdatVPMfzS1bFy60KaRUtRjDY860VNXuUCqJueMS6lU+2hqyBAAQgAAEIQAACEOhVAhkhHYnoVVUhrWK6VSHd6Up3y2ParXw6zYv0IQABCEAAAhCAAASKIxAW0pZHWoV1rwrp4jCQEgQgAAEIQAACEIAABJoj4App2xOtYlqXe9gj3VxV2RsCEIAABCAAAQhAAALFEXCFdMEx0sUVk5QgAAEIQAACEIAABCDQWwQyQrqfYqR7CyWlgQAEIAABCEAAAhAYJgIZIe2P2vFn679GjPQwWQR1hQAEIAABCEAAAhBoiIArpAMx0mu+uCUS0m+88YbwBwNsABvABrABbAAbwAawAWwgtgFXSAdipNcmQrohWc5OEIAABCAAAQhAAAIQGBICGSHtx0gbj/SQ8KCaEIAABCAAAQhAAAIQaIhARkj7MdJ4pBviyE4QgAAEIAABCEAAAkNGwBXSNWKkh4wL1YUABCAAAQhAAAIQgEBNAqmQNp5oZ7pqQvBI1+THRghAAAIQgAAEIACBISWQCukoNtr7NLh+1ZAY6SG1DKoNAQhAAAIQgAAEIFCTQEZIG4+0eekQj3RNfmyEAAQgAAEIQAACEBhSAq6QJkZ6SM2AakMAAhCAAAQgAAEINEsgFdLGE+1MiZFulif7QwACEIAABCAAAQgMCYFUSBMjPSQtTjUhAAEIQAACEIAABAohkAppxxNtvnCIR7oQyCQCAQhAAAIQgAAEIDB4BFIhbV4u9KeM2jF4jU6NIAABCEAAAhCAAATaJ5AKaTzS7cMkBQhAAAIQgAAEIACB4SGQCmlipIen0akpBCAAAQhAAAIQgED7BFIhjUe6fZikAAEIQAACEIAABCAwPARSIe3HRptlYqSHxxioKQQgAAEIQAACEIBA4wRSIY1HunFo7AkBCEAAAhCAAAQgAIFUSJsY6UhQW1845BPhGAkEIAABCEAAAhCAAASyBAJCekJUVF+3ekKWMI50lhhrIAABCEAAAhCAAAQgICKOkL521Y5IRKuAJkYa+4AABCAAAQhAAAIQgEA+AUdIp55oPNL5xNgCAQhAAAIQgAAEIAAB3yO9ZHXWI02MNHYCAQhAAAIQgAAEIACBLAE80lkmrIEABCAAAQhAAAIQgEBdAo6QDsVI45Guy5AdIAABCEAAAhCAAASGkIAjpImRHkILoMoQgAAEIAABCEAAAi0R8IQ0MdItUeQgCEAAAhCAAAQgAIGhI+AJ6WT8aEbtGDpDoMIQgAAEIAABCEAAAs0RcIQ0MdLNwWNvCEAAAhCAAAQgAIHhJeAIaWKkh9cQqDkEIAABCEAAAhCAQHMEPCFdjZHmE+HNgWRvCEAAAhCAAAQgAIHhIuAJaWKkh6v5qS0EIAABCEAAAhCAQKsEHCFNjHSrGDkOAhCAAAQgAAEIQGDYCDhCutsx0vMHxqRUKll/YzL9utcEr0/LmLNPScYOzHs7+YvzMr3cTlfnx2XW362DaWfrVpLx434B7OVAmZdPS72aRiksVOTUM9MytWGFjN70IRlxeF0jS24elRUbJqV8aFZOvWXnGc9T1iyTIrjK8XHLtmN7rGe7s1vr222ovdzzSNOw231O5hdy6pizunL6mEzvWS8rbh6VD43YZRqRD900KmN3b5apA7MNpbvwzGbPJuP0PjIxl5O7u7rf6uuWvltL56V8m91OZn6FzATO+WypZmXcuW6Y493pyO+NyujylbJ5z7QcO13JJtPImoVjstmxqSSP35+Uxiyimkkv2Wm1VCJtl+vdGtf0kQ/J6M1jsnLLlEw/Py+5p/bCvMwdKsvmu8dk9Npr3GvRB5fI6M0rZP1EWWYabMfK6cNS3rJSxm5eItc4tmKuNVMy/cz53PK0zcQGXKANpcm+dUoOP7pZVi4flSUfdO3+mmtHZfTO9TJ14Jicv5Ie4cwsvD4nM3WOn3x0JtgHOwlFCwsyfzynT0/bvywzL+ecg0XYj1Wo848ude0naf8Vh3Lyt47Nm+0te5qX2QNTsv7OURn9vRGnruk1r0bbeUK6uzHS2Q4SIe0IonpC+t15OTZxhyd03AuAk54a/9bM7YRk26EDon8Iy7q4Qtq3g2tk6YZpOVXvuvfWrEwu9zpdp9O00w2cr5mrZkUO320fY803KJxC9pmx60wZF6u+GQDdWXFyUj6SYRCzbqyza0xI+9xHfu8OmXymodv9lEPl+yudjqqa5kdk8mS6W+2ZHrTTqMAFlKvy/KSMeUKuysg6f7S9g33Egpw6sF5GQzcrIRsJ9Ak2/PlnJuUOT1zklifksCqAiV0enS/Ehkyi88dk8tO+A8rjbHHLOMSunJLptaNBZ0GIU+Z4U45oWonabmkb7d++/TgFEpE5mfz9HB53zki9LsVPrafsqXJKpjcs9W4Mc+paCjlx43PNE9LdjZHOdpCBjrmDXmPpYNrZuhUsTi/MyMpr8xs8dAJH6wIXTcpqneoFcu0tIZ3YygdXyPQFq7727IUZWdHoBTzqWALnq52ezr81IyusTsi1y5E6T2nixEL26aZT4zzodn39+ndpeW7iIzniNE9s+QVrTUjH7TAio9tmG+xQKzJzZ357jQSuT35JpUfttIhynf+nFQ136hH7jJBekNltjYu6KI1c5hU5tqXJtHwh3Ym2kgJsKDGqytObG7/hSK5jjhC+MivjN7kezHrXJud427ivnJLynY06MZJzyGv/9u3HLlAyX+MmvVRqoA9Ik+wte1o4XW6yv/OFtHWu/cG6B+QP1j4gGtZhx0h3Y9SObAcZaJQOit2+FdIXpuWORr0NvogJXDSz7VCg6B/isnZPSMfhFqM3j4r++Y8lMxf2kTsCYroih+8OdwjRo60kbTf9wPmaXjTjmcqhFfkCr1SSkY3Hch8Fm6Sy9tm79TVl7u60hscoOv+XSvlsvRIFhHT0+D+2qWzIWFYML9k6W7cta99YlaQ0slmO5cYqaB161U4LKNdbh2Vl8Lru2vuoHVrhCSk5OSlL/Gt+tByHX5hrhNOegT5B5LzMNCvqonzsEMoCmITMtubNeSM2FCfatOhMuNpCeG73kvD1zT539NppefTt49PqtSDIMzdSRdhPWqDqTM2b9FJJlj56vrpz7lxv2dPC8fGmb6CUtxOaaZ9rtpAmRtoDFTSKQCyzfxcu0rlwiSuzsjn4mOUaGds6LbMXKpnObKFSkfMnD8v0xEpZOtHF0I4hL2v3hHRA0L67IOePl2V9jrdk5O7DrgcxcMNaGrlDyidzHtxdmZdTRw7LbM7m+NTJxu1u3rLZ7XjqCqfQudSr9Q1eMDq+MhODvnyzbP5TV+jW7+wCQjogsBY0jnRiLMdruqRuaEYm1nLLZtnsCL8R2fxMDSXdq3ZaQLmyN4wlGflMWeZyYtwX5k/J4e+7TwJmt2ZvhpdsPJzzLsOCVC7MRnHNvpGe3x+OiS19cEzGDxyTU/MVqSTNpP1L5cKcHD4wKSs/YcW5F8DEL5cut21DmsjZsix17M6cL3E/euz0vFRMBa9UpFI5L3NHpmXy7qUy+aIp1ayMZ258lsjmIzlx6wsVOX98Wo5lbmoX5NiGbLupcBu5aYVMHZqT85WKLLyr+S5IpVKR+dOzMvPoellx90z6HlUR9mNqlk4zsehjsnmL927bbWWpJ6V7yp6uHJP1mXbT9h+R0c9NyczJ89W2X9C2n5dTx2ekvGGFrDxUDWNzzjVXSBMj7dxxpNZkzyymkF6Q2a2BR7gqeE7X6Hzs4gfmQydg8K45PTbAwPeMCGVdVCGdtlVFjm0MeU28eNTAi5GlLdmbrjTZRmYyndV6Ofb6YVnpdWDrn65tu1n7DAjptDyLWN+0DN2cWZBjG91OeHT/eZnb7V0nbq7X2TUmpE3N9LFo8KmYf4NmDoim2Rur9U/PZ2PoN9R4StGrdlpAubIvGpdk8/MOwDoLgeuyPnrPC+XKSy0kgEslWfL5GTkfibm8A731BTDxUlQZnXmptmkbkhCnkpSuXSkzzbAKcfrT6bqi0q+Tekez7zeMyNLdc66zwz/QW27ffrwEVbb7L4rrdSQT6jFa+4lXiNOi2VOeLtEbpJpeIQ+OZ0OukCZGuqeFdPCR1hIZP15biHgWkFnMCpUCQjsoq/SGkNbmnpPJQDz9R3ZbYySEOr0GPA0ZY7JWnN8/6nqfI5HlXYBUVNcUXw16pK18u17ft07JscAb3xoSM3b3pEwfr3oxnGKahXerb4zbYTnVt8Vdr6M5LJouHJP1zo1JcoN0fNx7+cm7cXIS0YXmhLQeoS98uSMEqVdnpRzO64/OlmXUKWu8b/b6UyONXrXTAsoVEkJL99fz9dkNGTi3SiNS70bVTkHnQ4/yRz7TvEAMXf9KbV5T1JPctg1lhKCGg4TC3Xwy3nJIII6sl2M5o3p4RyeL4XjvhsKkvATbtx8vQVFPufHUx9O4z8h64p2+xEump+ypMF3inWu2kCZGurdDO7IdTmMxpp5dZxZD6bbrkQ6l2Ug8bKZw3opQur1a1lBHUu9GLXsxtGMOYxhZBrU8tPExC0cCIyV8pvpYMPS+QPRo8RPjcqyODvSaKFnMxu2u/H6ssLLlrz1EW3b/3qnv3O7G3vZf8vnDQU/VwsmpBkZoyNqAYZ6JQU9HQgl0djWHG2xeSIuckqmb3Y5WH4+Op4++TSnjaaZDNTdQAUGSO9JIYN+esNMCypW1c2U7Iku3HZP5Bj3BzuPm9KZliaw8cKpB72bWbkqlRmLs3baOlgpg4qdahA2FGNUPffJLosshVrFnezpvWDo/mRCjBsLd/GR0uQj7cdLNiM7qzXiGYXrdcVLIYbR49hRi1KoucRjYQrpfYqT1wtn8X6AzChlxQWmHGqw9wZe9O4w6rZpjU/tGHV6mrL49NTaaRJimtTbgpVosIS2VbEiFO7Z6JfdlQxM7drjB8WYjAhmvj+VlDJx3ucIp2EHUF9Ldqm/2xse3pepyxruY+3JQ9Zj4Ohe4dkWQs94s2zPkXOj1upbb2WlirQhpyYaQ+C/kpKdD/o2VhB615w6r1at2WkC5atnDyKis2HO4/hjE9gtQfl8WxTfXGfs94/FtdNSXtKGtmQKYWKmFhmEzN+eN29B5KWdu/hq4njjlqC7kvmxYKsk1y8ejp1G1nhcvPL0+o2UaGrmmWoTqXBH2U01N8m/SJXra6j6NqopsK4koFt19grCY9lSwhrLPNVdI90eMdPMiWjumQGcU6NCLSrt4ceo9SogukoELQEC8ZerkvUREWdU+7L9iuPaSRzoolPxzooGhqqKXXxoYNzgj4hxhlI1zDI+HG1+Ss/YZaB/n6q0LAWHYgfrGQlpfUpmU6SPxS0H6MpC+xFX+vBeb7nmaMqEvpSWy8tHZ6MWiKI35UzJ7qCzrl09mPyalVcxcv9zOLBPfqN7i3BvvAC/vOpFBHLzJyXmqlwk1cZ9CZF4gqzWsVo/aaSPD39U7f+qPJBG/EJX/lMgaksu5ptnXN32hbiY8pnyo/2jADkK2Ea0rsK30euqKt1ZsKGDn/nUhtzKBDY2MtqE3MIfCTwSy17ac8yeQdWhV+/ZjUs3qDecDWpmXEEsSvAHoKXvK1qm54fsMGzO1zjVXSPdHjLQreuwLRK35fhfSDV4AQobrX1C9C2PoZM7vcNWIAgbpvGxIWaNTLdAWi+aRbkRYaqHfOiabc0b6sM+7a5ZPyVxeLGDgIuvXOysi8x/3Ze2zICFdQH3nHq0R+pKJX3bDHrLe7PV1hn6LrCr9lxGfI941LpN/rVCwwDnrXSfSjK2ZbNuEhED2hcjMjVPAE1rzcXsP2mmEpYByNTa28TUytmcuM0JT3DQLcurRBsajHhmV9d93Y7Dn/+kOz6kQak/LABqZLYCJjlbhv1Tbkg3Nz8gdfn/o9F2NVMjbp8Hxn0duWi+HvZcZ57a5LwrrNbZ23+vlHVhs335Co5r4N+EB767nKNCi9ZY9zQVGWfGumQGetVfF55rzQZZ+iZG2O/TG5wPAMh6dWkK81rZs2qEOpvYJUk+cZh+Nlkp3yIwfvxoQbxlGXgdJWf22LYZr33mk0ytGRc4faeBrZteOy2xATGcfVwaEbxPCKWufgfTSspuZgDDM9Ty1V1+To+gwWepFfuaYzDw6KZMT62WpN8yS/eJX9mZCh7taL+VnTkmlbkxs9hF11iPUWGcXlz/Ay7tOpPW0ZrJtExBeAUHv31hFozH4j9zrvpjWXrsVbadVLO2VK0qncl4ON/DV2povpc3PSrnuV9tG5I4DVTEdEj4j26yXkquVbHKuTSZF2VBISI+MN/1p+lDl53W40dvqfFDFe6kxJKTv+Ce/Uw/lVmddm/aTuTb5N+k6okcmLCU7dGVv2VNISAf6+jpoQ5sdId0vMdLZi7BftYAoDXWiASFdVNqhDqY9IR2qU2DYmRenoo9yBAfeN3fiXgdJWX0hXQzXnhLSF6ZlzLS/mTYwVFPl9GGZ+lz+182cx33RaVjJDmcW9PhkhWApZ4i2rH02IKS7Vd935+XYnpWy1PrgQubG1fD244czwwPadniNLL17Sg6fzRkCIxOD7nuM4mtitrMr5Yzi0JqQnt1ilzme94dsy37OOdx+mc67FDgP/Ut9stwLdhoqWvPl8lJ5tyKnjkzJitynRG44j3d0vLigo8KM13ip1QqRCDlizEuhwcSbX9kKk+JsKGDntUaaab56svD6rExvzRtrvSQlK8wte20rif2eQwvZu4e0ZD9Zp132Jl2VtD9iUElK/tCVPWVPIQ3VwPnjEg0ueUK6uzHS2UebgQtsB8VuNsYw4E3JYAs1RtYj3XgHZjII3C15AiR091rz8acmHeBX8oQ0Zc0+XiuCa3aoppLoGL/5v3mZ+YwvTLK2lb34Bs4bL5NMGIAO9u/ZgXeIuzh/OBzy4XtzMm96+/WptRy+qPVsfTU+MjCsYMNCWoeQq/uJ4vjz2/4LS5nRCyyxXiv/aFtQGAUERj37CITwZGMOsy9E1i2fVZemRcUi2ql7wnhLjZbLO8xenD8S/px14x7jSm7IR+oFDd2AliyhbReo3fmGmRRpQ+dl2vtYkdpjrZedW65mJe+T35YX9HnvA1Vq+zVfCm65NNKw/WRu0mtds/1t1kvlWtQes6fQjX/WGdQ8Y09IdzNGOiRIN2dfqgkIwaK8xiGRWVjaAWOs2WAB75R/gQwJ3lK9cSsD/HwhrZ+V9QeEp6x1xgNthGtopAzLG5E5XUPCxB6iLjmgaWEZ/MJk9jFcpjz+iuAXoVwRny2bf6GtvRyyu2yabp5+MaUr9c3GbNpfIatEIS/Za1zw+qKPYdWr/cE8NiNSHZ1Aa5sz7JYlQGuL1ZAwal5In3/M+8KZ5u+HY4TOk4bL2aKoWCQ7zdihv6KBcvmH+MvaB7gv3DU/CkLwK3PpTVPWG6m29JEtDXz+3S9sI8uNMCnYhjIfK4rE6+ZgmFojVai9T+DFajsOOtRH6JOrx2o5XGrnWGtrI/aTeVG8mfM1c1PSW/aUfbKh19wWPlrkQXaEdFdjpAPCsRR61Bw4iYKdkVOxbAfW6KgdhaUdeuzhxUdVi7wgs1u8L5GVSl7nGT9K2ezFXOpFTj8jeyoQqxqlH+CXEdKUVTrCVb/C5cd9lvI/oBMSJiGPXFPC8t3zMv2ZrMe9dK31KV81lMp5OVU3NC/kzbFFbbjTqC3qPPEY8Mb0ZH0z54zNwZzZ2adM9a4vC/rJ5tBjYcuLnB2Nw2PYQMeX9cA1J6Qrz4/Lkkw+vuAPfM45c0y9sntPKXrVTgsoV+XsqfrjRYc8fNaTy/nT4dEhjEVG05AXNBXSeW3W/Jf2irmm5JWnnt3Y2z0bCmkP7Uf18+Y5kVQOv3RhXk41MF50yAtaDfPM3pDH18slsvJQc2K6CPvRcI1QX9jUNdxzFoWehkbjozf55cZC7Cmvfs1+1VJfpLTONUdIdypGev7QuEweOSXzlQVZWKjI/MlpWRl4JBp8nB4QgvU6o+CoEl2OkQ6+ZaydyAfHUhby7kI8TNbaQAxq4A1YPX81eD/jkTDpHpqT846gXpDK85Pel6BKkhHSoTeiTZpJu1HW9OqpdzQNT2n0aAAAIABJREFUcs3pBPRt+WiYM31gvxC9oHZ4IhRTFx7JoiFhGcXGTebERQbEfHSe6bBY0zJ7wQ8k0LovRI8GM+LJDu0IvEBYum2lTE7oi3fhv/Wf8EV+Nta3J+ubuS5lvbwh74997ao14kem803FUuAFwtJH5I6NYb4R9y0rsqI3Tc/YdWNCWuM/y6HrVXRD73/9LnQjuVRW5thCVNa1SzPXNycEqVfttIByRXaejPXsXseTNlqYl8MbvSEVlbv1MqCGS0ZPRo6ckkroNH5rTsqBG+s0tEOzCj7RiYWp89RF09cXbCsVmT89K4cPTMrK26yhGgtgEnwJtdSmDUnYcRWJxWi87hmZu6D1WpCo39PhLPUl4iPTMnn3UplMh5DUcyYejlDH2A/hrpwsyx0Z55cV2qG8QzdHyQ1nNBb1M6qdKrLwrsiClqVSkfMn9YXm9XLH56of1SrCfkJPvT/ymc251+/Jic2yIqPlPKdCT9mTSMhhFd8oxP3fsdPzcdtr3xzxPi9zz8xIecMdssJ6EdQ+1zwh3ZkY6WxHaN8tJvMjK+XwW+aibk0zHVZxccwdDe3QKuTc+TZyd5f5eEOKZF5m7qzzZnByEubmY3kf0mQpa2e4Bh9dBuw/0GYj/osbSWNlz6cR+dBNo9WXTGu++Oa+pZ+2v3+efXBJNb2bR8X+dLVtV0usz4yHHpnao1SkeVkzIe+q/6Wpnqxv4O3/kU+My8zxU3L+9KzM7AmIV+9lw/gdEfvirZ3kvJx6ppxxNKRiMvQoOOclzSrm0JMC/yYtIKQdG1gi1wRsNLWF0AgugZCxzMtI1ULGcyGPke1U6FU7LaBcvp1fc611Tt+cx3+JTJ6sQnTfO/KuCzflfIUz0PcuHA89cWjkumW901EAk1DYYds2pLhaeL/B2HrVm+ydMyMfcq6ZoznX4RHr6ZJpufMHchxktc453WbdELdvP5Xsi+INvPAb8jj7TtGesacIeM5T2nqsg9fv5JzoxjjSfgMbg6xOczp3rbR/MnqVMYboTnsgtCMpUCsnyMhnfM+OWzu9Sz/sf+yhASNIeYeEtIhQ1s5wbekiEhImiRnUP5/yOrxrZMWjp4Kek9B5ltpLnm05ZQzFwjUwLnI94aRPYQ4EYnHzyuSs72R9Q+LU437tkown2PZIu6LHO9apR1X0Zr42Vqr3AmtsNPU7O08UOPnXKpt6QDfLsYATJPRCZL0bq/CTPCueP9Af9ISdtl2u1uzcH/6ucZsybZrf9+qLsJknUHXtooaQrnusfl7bHVKzIzZkulMd3zrjTTVc8qe5QrqR+tUI7zy1vwUxXUNI1z0vSiVx7Cf0onjdm/Qch6H/rkTyYvVi25NpetGxvwNPZuoxy71+20K6UzHStTvCOrFAgQuUXZkUjDPTO0Jai3X+0HoZzTzeCZ2oIzK65XD9OLmkrvPP5D26D6Udr7vmtvUyfTr0ECpOlLKKdIJr5cWpnDCLbFtdc2c5/NUx0+4tCEt9RDhTo92bE9Ij8qHPeXH5ma+OBYZCSsrvTsIxgrbgqn39yPLTi2HH66uVuDAdeGyblCfqMLPi1L52NSR6RpbK5IsmcDN0XWtwiLjQEyenk8yWtV6nUooeg8+KKZ3brqEXIhu4sdIgomc2Z8I7Ui9koD/IL2cX7bTdcjV7wzjyoeBNcUM2ZQTfB5fK+NPh1kvbcv6YTC5v5gloq0I60FbBl2oLsKG0ciKiw1cGw+rC1xW1tVaF9DW3jQdvOO3iVF6elvW5Qx0GytSqkA7YT+g6W3uUKVPykFMh57q0qPZkymumFTl1oFFtFrPPvX7bQrpTMdILJ6dl/Z2j8qFUTF4jS25eIesfPSynAp4MU81oGrhA2ZVx9k0XQh2OdYKb/TqZtsnDTKOxPKciDs5j8uhxkLKYkbm6L3uZxOzpgsyfnJHylpUydrPNWBs+frQ3dvdmmTpwTE69lS+g7RSFssYxwUVzjeKWy7L57jFxH/vp+TAmKyem5VjeuMFWA4UueBkxoY/ll6+UzWpXrzfY7m+dkmMHpuLy+Y+Bo8f8K2T9nmmZzaQXFsPuSBNWBbzZUFxeyXr82Xv1tSowf0ym7h6rhr58cImsSD+/nBWnzrVrfk5mHt0sK5e7oTMjvzcqo3eul6kDs+5NdUgMB17OtEpnzYbile2XsLJlzdhUcj1ZsWFKput8NCYohq02tQqWnc28yKnXMmtYrR61U2m5XFUEldPHZHpPbBPuNaIkUaiHsYvcUzrpDybWy4pMSFa1PyhrDHXdj/5UyxWNjbwnTrPaj4f6mOox0VwbTDpqQ14x7T7P5x6dj3ot3TMtx057Nx4L8zJ3qCyTG1bIqB9+E/XtY7JyS1k0hrqZn461HffpfkiP9hWjsmLDpJQPzcm8Zwet209IDNvXh9qlz44BX3s87MWwp9wa2P3ytd5No+n3Jsoyc3Lee5pbPdfqxkiv2/glOXHiRG4Z2AABCEAAAhCAAAQgAIFhJOAJ6ew40rum9iOkh9EyqDMEIAABCEAAAhCAQE0CjpAOxUgjpGvyYyMEIAABCEAAAhCAwJAScIS0HyN93eoJQUgPqWVQbQhAAAIQgAAEIACBmgQ8IZ0dR7owIX3lisjzz1cL4y/rFn+dv8w+MDQWhG0YEvHU5+Evc+5w7hiLwTYMCc4d3xb8Za4bXDfM2YJtGBKZ64YnpDsUI60NcNddIjfeKHL0aFwIf7mVfULH+Ov8Zc3dX+cvs4/bXvBxbdfn4S9jP9iPudZhG8N57ug1oIg+rh/TweaH0+aHuN0dId2xGGm9oGzfLnL2rMiyZfHUX25ln9Ax/jp/Wcvgr/OX2cdtL/i4tuvz8Jexn87Yj3It4rpBOrXtGT7wMf106NpW7xwMHeOv85e5ZrrXNvjUPgd7jI8jpDsWI60nnvnpCfP442YphqXLrewTOsZf5y+H8hrUfYriTDqxvRrbDdmLsWj2ae1cxsawMc6dwTh3QtdHf52/PEz9MnWvfa3rQz6ekO5gjLQRGkwhAAEIQAACEIAABCAwAAQ8Ie3FSDNqxwA0MVWAAAQgAAEIQAACEOgEAUdIdyxGuhMlJ00IQAACEIAABCAAAQgsIgFHSHcsRnoRK0jWEIAABCAAAQhAAAIQ6AQBT0gTI90JyKQJAQhAAAIQgAAEIDB4BDwhTYz04DUxNYIABCAAAQhAAAIQ6AQBR0gTI90JxKQJAQhAAAIQgAAEIDCIBBwhTYz0IDYxdYIABCAAAQhAAAIQ6AQBT0gnMdKrkxCPVROya2q/nDhxohN5kyYEIAABCEAAAhCAAAT6loAnpL0YaYR03zYsBYcABCAAAQhAAAIQ6CwBR0hXY6R3yHWrJ2TJqh14pDvLn9QhAAEIQAACEIAABPqUgCOkMzHSeKT7tFkpNgQgAAEIQAACEIBApwm4QnqVP440HulONwDpQwACEIAABCAAAQj0JwFXSJuXDM0Uj3R/tiqlhgAEIAABCEAAAhDoOAFXSOOR7jhwMoAABCAAAQhAAAIQGAwCrpA2nmgzxSM9GK1MLSAAAQhAAAIQgAAECifgCOnqqB1mHGlipAsnToIQgAAEIAABCEAAAgNBwBHSjNoxEG1KJSAAAQhAAAIQgAAEukDAFdLESHcBOVlAAAIQgAAEIAABCAwCAVdIm9hoMyVGehDamDpAAAIQgAAEIAABCHSAgCOkiZHuAGGShAAEIAABCEAAAhAYSAKOkCZGeiDbmEpBAAIQgAAEIAABCHSAgCek/S8bTsiuqf1y4sSJDmRNkhCAAAQgAAEIQAACEOhfAp6QToa9I0a6f1uUkkMAAhCAAAQgAAEIdIWAI6SJke4KczKBAAQgAAEIQAACEBgAAo6QJkZ6AFqUKkAAAhCAAAQgAAEIdIWAJ6SJka5FfXZrScYOzNfapcVt8zK9vCTjx1s8nMMgAAEIQAACEIAABLpOwBPSxEjXagGEdC06bIMABCAAAQhAAALDRcAV0pkvGzJqh20OCGmbBvMQgAAEIAABCEBguAm4QtqM1pFMrxuELxu+Pi1jpZKUzN/WWafF5w+MVbeVxmT69epmFc72cRkhfXy8ur3kh33E4Rrp8cunpRoU4m4bOzCbDe1oJu3SuDi18o4lZKTapsxBAAIQgAAEIACBogh4Qrp3YqRffvlluf766yOhqlNdbuU3f2DcEsezMl6yYpEjwWmJ0OPT6b6RiLbFbyJO7Rjp2a3WsZFgrwrx6HhLtM8eMEI6EdHWNiPmbcFbK215fVrGrVhtJy+vHLrvNLHXrZgOx0AAAhCAAAQgAIGaBDwh3Tsx0kZEG4+uLhfxc7zKKo5tsWwy8MVost451uybTt0XBnP39cV7dLx7bJpkOlNnu12PqOyWwE/TYAYCEIAABCAAAQhAoEgCrpDuoRhpI6DtaasVjzy2JrTDCcGIPdSah+0NlqDYFcmK48S7bKWdphOloaEhrqiNvM8Z8R4SyjXSVhBp+kn4SZpm9Tjbe94qO46DAAQgAAEIQAACEAgTcIV0D8VIF+ORToSyFUaRFcMiGv4Qx1Enotf28FrcnGOTY6piNSSGRUzYRikpQ7RslSdO3ju2TtrxjYEl0IPlNTcJ1XATqyrMQgACEIAABCAAAQi0ScAT0gMWIx0QmI4Y9uCl2yIh6wvQWOwa4ZwVxJ4YdtJWUZukF3mSLREc7ReLXuPNrp22lZbJI1BPsymbltnCFAIQgAAEIAABCECgHQKekO6dGOl2KpUe6wviSMRWR9dwX0S0hXI8b7zIml4kSO2wEE8Qm+2xGJ6X6a3m5ULj8TbCPBbNRpBr2rGH2QovqZf28modROL00ljv4+NOmEqUdsYDnhJiBgIQgAAEIAABCECgRQKukO6hGOkW65M5zAjcKNZ666wb55wIaxOHbYtbkURMJ/HPui31WCe5GAGsx/tD2NnbSsYbnZYuEb9J2uPHs95s+3g/7WooShKDrfUwMdJJWIipk30zkGbPDAQgAAEIQAACEIBA2wRcId1DMdJt18wkcOWKyPPPmyURf1m3+Ov85UHZp0qBOQhAAAIQgAAEIACBNgl4Qrp3YqTbrFd8uAriu+4SufFGkaNHY8FsL+tevb6PlrFemRvdJ6bCfwhAAAIQgAAEIACBAgh4QnrAYqRVgG7fLnL2rMiyZbEgtZd1faf20bTr5dXNfQowFpKAAAQgAAEIQAACEKgScIX0oMVIq5A1PyNa7eXHH4/Frr/OX/bT0ePMT9Pth3RMeZlCAAIQgAAEIAABCBRCwBXSgxgjXQgmEoEABCAAAQhAAAIQgIBLwBPSAxYj7daVJQhAAAIQgAAEIAABCBRGwBPSAxYjXRgmEoIABCAAAQhAAAIQgIBLwBXSgxYj7daVJQhAAAIQgAAEIAABCBRGIBXS162ekCXESBcGloQgAAEIQAACEIAABAabQCqkVUQvWU2M9GA3N7WDAAQgAAEIQAACECiKgCekiZGuBdb/RHitfZvblv1EeHPHszcEIAABCEAAAhCAQLcJuEKaGOma/BHSNfGwEQIQgAAEIAABCAwVgVRIEyNdv90R0vUZsQcEIAABCEAAAhAYFgKpkB7YGOnXp2WsVJKS+ds667Tt/IGx6rbSmEy/Xt2swtk+LiOkj49Xt5dKMnZgvnqwxOEa6fHLp6W61d02dmBWppeXZPy4dTizEIAABCAAAQhAAAI9TSAV0iGP9JJVE7Jrar+cOHGi65V4+eWX5frrr4+Eqk51uZXf/IFxSxzPynjJEqyREB6XVFofn073jUS0LX4T0WyL5dmt1rGRYK8K8eh4S7TPHjBCOhHR1jYj5hHSrbQwx0AAAhCAAAQgAIHFIZAK6cgj3UMx0kZEG4+uLhfxc7zKKo5tsWwy8ESxWe0ca1amU/eFwdx9ffEeHe8emybJDAQgAAEIQAACEIBAzxJIhXTII33dInqkjYC2p61SjLzDJrTDCcGIPdSah+MNDopdkaw4dkM0nHQSD3apZHmtRSTyPmfEO0K61bblOAhAAAIQgAAEILBYBFIh3Wsx0sV4pBOhbIVRZMWwiKRx1InozfFUO8cmx1RDPcJi2IRtlJIyRMtWeeKGDx+7WEZBvhCAAAQgAAEIQAAC9QmkQjrkke77GOmAIHbEsMcn3RYM7YjFrhHOWUFcSwyroE/ip4Pebi922ysXixCAAAQgAAEIQAACvUcgFdK9FiNdCCpfECfhFlUxbL+IaAvleN54kbUsxrNsjhVPEJvtcYjIvExvNS8XGo+3eRExFs1pOhKHjDhhIYVUnkQgAAEIQAACEIAABDpJIBXSIY/0YsZIF1VpI3CjWOuts26ccyKso21O7LTmnojpJLZahW/qsU4Kp8vVY90h7OxtJeONTiuVhJwkaY8fr+XNTg9iBgIQgAAEIAABCECghwikQtrESEeCelXyqfBFfNmwMEZXrog8/3w1OX9Zt/jr/OVu71MtLXMQgAAEIAABCEAAAj1KIBXSIY/0YsZIF8JLBfFdd4nceKPI0aOxYLaXNZNO7aNp18srb59CKk8iEIAABCAAAQhAAAKdJJAK6SU6hrT1d10yv1gfZCmk0ipkt28XOXtWZNmyWNjay7q+lX30uHrptLNPIZUnEQhAAAIQgAAEIACBThJIhXQc0rFD7KmK6b4W0ip2zc8IW3v58cdjQeyv85f9dPQ489N0O5WOyYMpBCAAAQhAAAIQgEDPEUiFtPFGp0J6EDzSPYebAkEAAhCAAAQgAAEIDAqBVEinAnr1RBTiYZb72iM9KK1EPSAAAQhAAAIQgAAEeo5AKqTxSPdc21AgCEAAAhCAAAQgAIEeJpAKaeOBtqd9HyPdw+ApGgQgAAEIQAACEIBAfxNIhTQe6f5uSEoPAQhAAAIQgAAEINBdAqmQtj3RKqrNMjHS3W0QcoMABCAAAQhAAAIQ6A8CqZDGI12/wfxPhNc/gj0gAAEIQAACEIAABAaVQCqkjQfanhIj7TY7QtrlwRIEIAABCEAAAhAYZgI1hbR6qQntqJoHQrrKgjkIQAACEIAABCAw7AQGX0i/Pi1jpZKUzN/WWafN5w+MVbeVxmT69epmFc72cQjpKhvmIAABCEAAAhCAwLATSIV0r8VIv/zyy3L99ddHQlanutzKb/7AuCWOZ2W8VJLx40lKx8elVBqXVFofn073jUT08mmZN5lG+5Zk7EC6xmxhCgEIQAACEIAABCAwhARSIW3HRptROxYzRtqIaOMR1uUifo5XWcWxLZZNBpEX2/VO6ybnWLMvUwhAAAIQgAAEIACBoSRQU0gvZoy0EdD2tNUWirzLJrSjZHuVYw+15pF6qTUT31OdZIyQbrUFOA4CEIAABCAAAQgMHoGeFdLFeKQToWzFRQfFcBpHnYR55Hiqg8cOnk1QIwhAAAIQgAAEIACBBgikQnogY6QDgriWGE63BUM75mV6ue3NboAuu0AAAhCAAAQgAAEIDCyBVEj3Wox0IcR9QRyFbFTFsPsioi2U4/mS5ck2o3vwsmEhLUMiEIAABCAAAQhAoO8J1BTSixkjXRRZI4CjWOuts+4Lg4mwNnHYrkhOxHQSW63bUo91UYUjHQhAAAIQgAAEIACBviUw8EJarlwRef75agP5y7rFX+cvh/appsgcBCAAAQhAAAIQgMAQEhhsIa2C+K67RG68UeTo0Vgw28va4K3uM4TGQpUhAAEIQAACEIAABKoEagrpxRxHulrENuZUNG/fLnL2rMiyZbGotpd1fav7tFEsDoUABCAAAQhAAAIQ6H8CNYV038dIq2g2PxXN/vLjj2fXNbuPSZ8pBCAAAQhAAAIQgMBQERhsIT1UTUllIQABCEAAAhCAAAS6SQAh3U3a5AUBCEAAAhCAAAQgMDAEgkJax5SO/lbtkF1T++XEiRMDU2EqAgEIQAACEIAABCAAgSIIBIW0xkabD7QgpIvATBoQgAAEIAABCEAAAoNGACE9aC1KfSAAAQhAAAIQgAAEukIAId0VzGQCAQhAAAIQgAAEIDBoBIJCmhjpcDPzifAwF9ZCAAIQgAAEIACBYSQQFNLESIdNASEd5sJaCEAAAhCAAAQgMIwEgkLaeKT7/oMsBbcoQrpgoCQHAQhAAAIQgAAE+phAUEgPlEf69WkZK5WkZP62zjrNNX9grLqtNCbTr1c3q3C2j0NIV9kwBwEIQAACEIAABIadQFBIG4/0dYs4jvTLL78s119/fSRkdarLrfzmD4xb4nhWxkslGT+epHR8XEqlcUml9fHpdN9IRC+flnmTabRvScYOpGvMFqYQgAAEIAABCEAAAkNIICike8EjbUS08QjrchE/x6us4tgWyyaDyIvteqd1k3Os2ZcpBCAAAQhAAAIQgMBQEggKaeORXswYaSOg7WmrLRR5l01oR8n2Ksceas0j9VJrJr6nOskYId1qC3AcBCAAAQhAAAIQGDwCQSE9OB7pRChbcdFBMZzGUSdhHjme6uCxg2cT1AgCEIAABCAAAQhAoAECjpA2nuh0umpCFusT4YXESAcEcS0xnG4LhnbMy/Ry25vdAF12gQAEIAABCEAAAhAYWAKOkLY90SqmFzO0oxDiviCOQjaqYth9EdEWyvF8yfJkm9E9eNmwkJYhEQhAAAIQgAAEIND3BIJC2nik+15Ii4gRwFGs9dZZ94XBRFibOGxXJCdiOomt1m2px7rvm50KQAACEIAABCAAAQi0SyAopG3P9GKFdrRbsfT4K1dEnn8+XRR/Wbf46/zl0D7VFJmDAAQgAAEIQAACEBhCAo6QNp7odLqIMdKFtIUK4rvuErnxRpGjR2PBbC9rJq3uU0gBSQQCEIAABCAAAQhAoF8JOELa9kQPRIy0iubt20XOnhVZtiwW1fayrm91n35tccoNAQhAAAIQgAAEIFAIAUdIp57o1RMSzfe7R1pFs/mpaPaXH388u67ZfUz6TCEAAQhAAAIQgAAEhoqAI6QHziM9VE1JZSEAAQhAAAIQgAAEuknAEdID55HuJknyggAEIAABCEAAAhAYKgKOkMYjPVRtT2UhAAEIQAACEIAABNog4AhpPNJtkORQCEAAAhCAAAQgAIGhIuAIaTzSQ9X2VBYCEIAABCAAAQhAoA0CjpDGI90GSQ6FAAQgAAEIQAACEBgqAo6QNh7p61bFw9/pct9/2bDA5uQT4QXCJCkIQAACEIAABCDQ5wQsIb1Drlvt/SGkneZFSDs4WIAABCAAAQhAAAJDTcAR0ktW3R+J6dgzvUPwSLu2gZB2ebAEAQhAAAIQgAAEhpmAI6QH0iP9+rSMlUpSMn9bZ532nj8wVt1WGpPp16ubVTjbxyGkq2yYgwAEIAABCEAAAsNOwBHSxiN93ao4xGMxPdIvv/yyXH/99ZGQ1akut/KbPzBuieNZGS+VZPx4ktLxcSmVxiWV1sen030jEb18WuZNptG+JRk7kK4xW5hCAAIQgAAEIAABCAwhAUdI95JH2oho4xHW5SJ+jldZxbEtlk0GkRfb9U7rJudYsy9TCEAAAhCAAAQgAIGhJOAI6V7ySBsBbU9bbaHIu2xCO0q2Vzn2UGseqZdaM/E91UnGCOlWW4DjIAABCEAAAhCAwOARcIT04HmkE6FsxUUHxXAaR52EeeR4qoPHDp5NUCMIQAACEIAABCAAgQYIOEK6lzzShcRIBwRxLTGcbguGdszL9HLbm90AXXaBAAQgAAEIQAACEBhYAo6Q7iWPdCHEfUEchWxUxbD7IqItlOP5kuXJNqN78LJhIS1DIhCAAAQgAAEIQKDvCThCupc80kWRNQI4irXeOuu+MJgIaxOH7YrkREwnsdW6LfVYF1U40oEABCAAAQhAAAIQ6FsCjpAeOI+0NsuVKyLPP19tIH+51X2qKTIHAQhAAAIQgAAEIDCEBMJCOhlHWseT3jW1X06cONGfaFQ033WXyI03ihw9Gotqe1lr1eo+/UmEUkMAAhCAAAQgAAEIFEQgLKRXxx9k6XshraJ5+3aRs2dFli2LRbW9rOtb3aegBiAZCEAAAhCAAAQgAIH+JOAI6YGLkVbRbH4qmv3lxx/Prmt2H5M+UwhAAAIQgAAEIACBoSLgCOmBjJEequakshCAAAQgAAEIQAAC3SIQFtKDEiPdLYrkAwEIQAACEIAABCAwdATCQnpQYqSHrjmpMAQgAAEIQAACEIBAtwg4QnqJ5YmOwjz6fdSOblEkHwhAAAIQgAAEIACBoSPgCGlipIeu/akwBCAAAQhAAAIQgECLBBDSLYLjMAhAAAIQgAAEIACB4SYQFtJWiEdff5BluNuW2kMAAhCAAAQgAAEIdJBAWEjzsmEHkZM0BCAAAQhAAAIQgMAgEHCENC8bDkKTUgcIQAACEIAABCAAgW4QcIQ0Lxt2Azl5QAACEIAABCAAAQgMAoGwkCZGehDaljpAAAIQgAAEIAABCHSQQFhIEyPdQeQkDQEIQAACEIAABCAwCAQcIR3HSE/IdXikB6FtqQMEIAABCEAAAhCAQAcJOEKaGOkOkiZpCEAAAhCAAAQgAIGBIhAW0nikB6qRqQwEIAABCEAAAhCAQPEEwkKaGOniSZMiBCAAAQhAAAIQgMBAEXCENDHSA9W2VAYCEIAABCAAAQhAoIMEHCFNjHQHSZM0BCAAAQhAAAIQgMBAEQgIaUbtGKgWpjIQgAAEIAABCEAAAh0hEBDSOyT1TK/aIbum9suJEyc6kjmJQgACEIAABCAAAQhAoF8JOEKaGOl+bUbKDQEIQAACEIAABCDQbQKOkE490Yza0e12ID8IQAACEIAABCAAgT4jEBDSxEj3WRtSXAhAAAIQgAAEIACBRSAQENLESC9CO5AlBCAAAQhAAAIQgECfEbCE9ITYMdJ/tDr2TPOyYZ+1KMWFAAQgAAEIQAACEOgKAUtIW55oYqS7Ap9MIAABCEAAAhCAAAT6l0BASBMj3b/NSckhAAEIQAACEIAABLpFICCkLc9vsD5nAAAAMklEQVQ040h3qx3IBwIQgAAEIAABCECgzwhYQpoY6T5rO4oLAQhAAAIQgAAEILCIBP4vdgkZ6UBvuTYAAAAASUVORK5CYII=\" /></p>\r\n<p>&nbsp;</p>', 'hojadevidaBB63AF56BF86428EA15095CBD9DFDAD8.pdf', 'electrico', '7@a.com', 'AB04117D855F76667C3004F0921FBC387C2F1F037D9DBB5C5A6B131DB9EFB83C', 0xe93712a318180807aee364e98c01b6acf0cc88bd, 2, 52, 1, 1, 6),
(11, 0x430276b9fcf0486c9e526738a2501653, 'jorge', 'mauricio', 'caicedo', 'muñoz', '7849625', '3115879638', '7841369', '1999-06-29', '1585612593484.jpg', '<p>fsafddsfdsfsdfdasdfddffdklsdfjsdvsjlkcndsccsd</p>\r\n<p>4cdscs</p>\r\n<p>dcs</p>\r\n<p>scdaasljsflljfsdnv&ntilde;FLmfla{vmsfk{&ntilde;avsdmfvff</p>\r\n<table style=\"border-collapse: collapse; width: 100%; height: 112px;\" border=\"1\">\r\n<tbody>\r\n<tr style=\"height: 28px;\">\r\n<td style=\"width: 16.6667%; height: 28px;\">fdFA</td>\r\n<td style=\"width: 16.6667%; height: 28px;\">&nbsp;</td>\r\n<td style=\"width: 16.6667%; height: 28px;\">&nbsp;</td>\r\n<td style=\"width: 16.6667%; height: 28px;\">&nbsp;</td>\r\n<td style=\"width: 16.6667%; height: 28px;\">&nbsp;</td>\r\n<td style=\"width: 16.6667%; height: 28px;\">&nbsp;</td>\r\n</tr>\r\n<tr style=\"height: 28px;\">\r\n<td style=\"width: 16.6667%; height: 28px;\">&nbsp;</td>\r\n<td style=\"width: 16.6667%; height: 28px;\">FDFDSFdsfDSFD</td>\r\n<td style=\"width: 16.6667%; height: 28px;\">&nbsp;</td>\r\n<td style=\"width: 16.6667%; height: 28px;\">SFsdfDFdssdffds</td>\r\n<td style=\"width: 16.6667%; height: 28px;\">&nbsp;</td>\r\n<td style=\"width: 16.6667%; height: 28px;\">&nbsp;</td>\r\n</tr>\r\n<tr style=\"height: 28px;\">\r\n<td style=\"width: 16.6667%; height: 28px;\">&nbsp;</td>\r\n<td style=\"width: 16.6667%; height: 28px;\">&nbsp;</td>\r\n<td style=\"width: 16.6667%; height: 28px;\">&nbsp;</td>\r\n<td style=\"width: 16.6667%; height: 28px;\">&nbsp;</td>\r\n<td style=\"width: 16.6667%; height: 28px;\">DFdsDFSDfsFDfddfsfDFDSF</td>\r\n<td style=\"width: 16.6667%; height: 28px;\">&nbsp;</td>\r\n</tr>\r\n<tr style=\"height: 28px;\">\r\n<td style=\"width: 16.6667%; height: 28px;\">&nbsp;</td>\r\n<td style=\"width: 16.6667%; height: 28px;\">&nbsp;</td>\r\n<td style=\"width: 16.6667%; height: 28px;\">FDDFFDDFS</td>\r\n<td style=\"width: 16.6667%; height: 28px;\">&nbsp;</td>\r\n<td style=\"width: 16.6667%; height: 28px;\">&nbsp;</td>\r\n<td style=\"width: 16.6667%; height: 28px;\">&nbsp;</td>\r\n</tr>\r\n</tbody>\r\n</table>', 'hojadevida430276B9FCF0486C9E526738A2501653.pdf', 'electrico', '6@a.com', '9FFCFC4D9B38C8FAE2F786D85E341DCBBD1EB2CACFF7777DC5073FE4A5E66758', 0x87acfa0b26850e1eb409b0276bec399fa99df63f, 2, 52, 4, 1, 12),
(12, 0x95840c80e48c45f087c5a37003cdbaa4, 'sdfsdffsd', 'sdfsdfsd', 'dsfsdfsd', 'sdfsdf', '32424432', '546546654', '456456546', '1989-03-10', '1585618910642.jpg', '<p><code><span style=\"font-family: \'trebuchet ms\', geneva, sans-serif;\">Asdasdsadsadsadsasadsad</span></code><strong><span style=\"font-family: arial, helvetica, sans-serif; color: #e74c3c; font-size: 12pt;\">ssdf</span></strong><code><span style=\"font-family: \'trebuchet ms\', geneva, sans-serif;\">Sadasd Sad Sad Sad Sad Sad Sad Sad Sad</span></code></p>\r\n<p><code><span style=\"font-family: \'trebuchet ms\', geneva, sans-serif;\">Dsdssdf</span></code></p>\r\n<p><strong><span style=\"font-family: arial, helvetica, sans-serif; color: #e74c3c; font-size: 12pt;\">dsfsdfdsfdsfsd</span></strong></p>\r\n<p><strong><span style=\"font-family: arial, helvetica, sans-serif; color: #e74c3c; font-size: 12pt;\">asdasds</span></strong></p>\r\n<p style=\"text-align: center;\"><sub><strong><span style=\"font-family: arial, helvetica, sans-serif; color: #e74c3c;\">dsf</span></strong></sub></p>\r\n<p style=\"text-align: center;\"><sub><strong><span style=\"font-family: arial, helvetica, sans-serif; color: #e74c3c;\">dsf</span></strong>sdf</sub></p>\r\n<p style=\"text-align: center;\"><sub>sdfsdf</sub></p>\r\n<p style=\"text-align: center;\">&nbsp;</p>\r\n<p><span style=\"text-decoration: line-through;\"><strong><span style=\"font-family: arial, helvetica, sans-serif; color: #e74c3c; font-size: 12pt;\">dsadasasdasd</span></strong></span></p>\r\n<p>&nbsp;</p>\r\n<p>&nbsp;</p>', 'hojadevida95840C80E48C45F087C5A37003CDBAA4.pdf', 'Mecanica', '9@a.com', 'CB05F0C2BE8F1551A06EBC39C34F42F46CEA5751D5FBC0864CE62068E43008BB', 0x0fb6002ea9b1c4947ee3e39af232bcbe60aff401, 2, 52, 1, 2, 12),
(14, 0x43b63efe513d485da6b3693551b39351, 'Amanda', 'Sal', 'Friederich', 'Howselk', '234423', '324234243243', '324243', NULL, NULL, NULL, NULL, NULL, '10@a.com', '58464575DD60864215DAB38874C6DF1ABFDC57C3D9250D7FBD60DF1643207B6A', 0x80e0e645eea092a1022c094e5c9e1c6eff8d26d8, 2, 52, 1, 2, 1),
(15, 0xb754f473a3564bcba44aae5e8eb84205, 'Amanda', 'asd', 'Hasell', 'angel', '213123112', '234234', '243423', NULL, NULL, NULL, NULL, NULL, '10@c.com', '205AFA2F3F5EFE72BE5D7A50B795F91D757DBF8BF1809681C6CEFD0FE721D23A', 0xd319883986a6217a0a6cb18b7874239be5cedebe, 2, 52, 1, 2, 1);

-- --------------------------------------------------------

--
-- Estructura de tabla para la tabla `ciudad_residencia`
--

CREATE TABLE `ciudad_residencia` (
  `id` int(11) NOT NULL,
  `ciudad_residencia` varchar(150) DEFAULT NULL
) ENGINE=InnoDB DEFAULT CHARSET=utf8;

--
-- Volcado de datos para la tabla `ciudad_residencia`
--

INSERT INTO `ciudad_residencia` (`id`, `ciudad_residencia`) VALUES
(1, 'bogota'),
(2, 'medellin'),
(3, 'barranquilla'),
(4, 'barrancabermeja'),
(5, 'cali'),
(6, 'Cartagena'),
(7, 'Pasto');

-- --------------------------------------------------------

--
-- Estructura de tabla para la tabla `coordinador`
--

CREATE TABLE `coordinador` (
  `idcoordinador` int(11) NOT NULL,
  `uuid` blob DEFAULT NULL,
  `primer_nombre` varchar(150) DEFAULT NULL,
  `segundo_nombre` varchar(150) DEFAULT NULL,
  `primer_apellido` varchar(150) DEFAULT NULL,
  `segundo_apellido` varchar(150) DEFAULT NULL,
  `correo` varchar(50) DEFAULT NULL,
  `clave` varchar(200) DEFAULT NULL,
  `salt` blob DEFAULT NULL
) ENGINE=InnoDB DEFAULT CHARSET=utf8;

--
-- Volcado de datos para la tabla `coordinador`
--

INSERT INTO `coordinador` (`idcoordinador`, `uuid`, `primer_nombre`, `segundo_nombre`, `primer_apellido`, `segundo_apellido`, `correo`, `clave`, `salt`) VALUES
(4, 0x9dace6c9aedb4cf799eeb1ab2e7316a2, 'Oscar', '', 'Cely', '', '1@c.com', '89EC18992DDDA8E0CED302A682FD44D4090CA4DDEA870493C4D17777D851D4C3', 0xe429a3fc6634bfea2f8888f9e3c2b89aba57348c),
(11, 0xb07851c4a2f94a40be34014221d308b3, 'Michael', 'asdasd', 'Moreno', 'sadasd', '2@c.com', 'D4DE1344B15B628F951A12772F959CC884277D7B986301B3F28145FA3EAE6C79', 0xd1ee7996dc6d5f43c2720e3492d2fe706b80dcaf);

-- --------------------------------------------------------

--
-- Estructura de tabla para la tabla `formacion`
--

CREATE TABLE `formacion` (
  `id` int(11) NOT NULL,
  `tipo_de_formacion` varchar(200) DEFAULT NULL
) ENGINE=InnoDB DEFAULT CHARSET=utf8;

--
-- Volcado de datos para la tabla `formacion`
--

INSERT INTO `formacion` (`id`, `tipo_de_formacion`) VALUES
(1, 'ninguna'),
(2, 'basico'),
(3, 'basica media'),
(4, 'bachiller'),
(5, 'tecnico'),
(6, 'tecnologo'),
(7, 'tecnologo especializado'),
(8, 'profesional'),
(9, 'profesional especializado'),
(10, 'magister'),
(11, 'doctorado'),
(12, 'postdoctorado');

-- --------------------------------------------------------

--
-- Estructura de tabla para la tabla `nacionalidad`
--

CREATE TABLE `nacionalidad` (
  `id` int(11) NOT NULL,
  `nacionalidad` varchar(45) DEFAULT NULL
) ENGINE=InnoDB DEFAULT CHARSET=utf8;

--
-- Volcado de datos para la tabla `nacionalidad`
--

INSERT INTO `nacionalidad` (`id`, `nacionalidad`) VALUES
(1, 'Afganistán'),
(2, 'Islas Gland'),
(3, 'Albania'),
(4, 'Alemania'),
(5, 'Andorra'),
(6, 'Angola'),
(7, 'Anguilla'),
(8, 'Antártida'),
(9, 'Antigua y Barbuda'),
(10, 'Antillas Holandesas'),
(11, 'Arabia Saudí'),
(12, 'Argelia'),
(13, 'Argentina'),
(14, 'Armenia'),
(15, 'Aruba'),
(16, 'Australia'),
(17, 'Austria'),
(18, 'Azerbaiyán'),
(19, 'Bahamas'),
(20, 'Bahréin'),
(21, 'Bangladesh'),
(22, 'Barbados'),
(23, 'Bielorrusia'),
(24, 'Bélgica'),
(25, 'Belice'),
(26, 'Benin'),
(27, 'Bermudas'),
(28, 'Bhután'),
(29, 'Bolivia'),
(30, 'Bosnia y Herzegovina'),
(31, 'Botsuana'),
(32, 'Isla Bouvet'),
(33, 'Brasil'),
(34, 'Brunéi'),
(35, 'Bulgaria'),
(36, 'Burkina Faso'),
(37, 'Burundi'),
(38, 'Cabo Verde'),
(39, 'Islas Caimán'),
(40, 'Camboya'),
(41, 'Camerún'),
(42, 'Canadá'),
(43, 'República Centroafricana'),
(44, 'Chad'),
(45, 'República Checa'),
(46, 'Chile'),
(47, 'China'),
(48, 'Chipre'),
(49, 'Isla de Navidad'),
(50, 'Ciudad del Vaticano'),
(51, 'Islas Cocos'),
(52, 'Colombia'),
(53, 'Comoras'),
(54, 'República Democrática del Congo'),
(55, 'Congo'),
(56, 'Islas Cook'),
(57, 'Corea del Norte'),
(58, 'Corea del Sur'),
(59, 'Costa de Marfil'),
(60, 'Costa Rica'),
(61, 'Croacia'),
(62, 'Cuba'),
(63, 'Dinamarca'),
(64, 'Dominica'),
(65, 'República Dominicana'),
(66, 'Ecuador'),
(67, 'Egipto'),
(68, 'El Salvador'),
(69, 'Emiratos Árabes Unidos'),
(70, 'Eritrea'),
(71, 'Eslovaquia'),
(72, 'Eslovenia'),
(73, 'España'),
(74, 'Islas ultramarinas de Estados Unidos'),
(75, 'Estados Unidos'),
(76, 'Estonia'),
(77, 'Etiopía'),
(78, 'Islas Feroe'),
(79, 'Filipinas'),
(80, 'Finlandia'),
(81, 'Fiyi'),
(82, 'Francia'),
(83, 'Gabón'),
(84, 'Gambia'),
(85, 'Georgia'),
(86, 'Islas Georgias del Sur y Sandwich del Sur'),
(87, 'Ghana'),
(88, 'Gibraltar'),
(89, 'Granada'),
(90, 'Grecia'),
(91, 'Groenlandia'),
(92, 'Guadalupe'),
(93, 'Guam'),
(94, 'Guatemala'),
(95, 'Guayana Francesa'),
(96, 'Guinea'),
(97, 'Guinea Ecuatorial'),
(98, 'Guinea-Bissau'),
(99, 'Guyana'),
(100, 'Haití'),
(101, 'Islas Heard y McDonald'),
(102, 'Honduras'),
(103, 'Hong Kong'),
(104, 'Hungría'),
(105, 'India'),
(106, 'Indonesia'),
(107, 'Irán'),
(108, 'Iraq'),
(109, 'Irlanda'),
(110, 'Islandia'),
(111, 'Israel'),
(112, 'Italia'),
(113, 'Jamaica'),
(114, 'Japón'),
(115, 'Jordania'),
(116, 'Kazajstán'),
(117, 'Kenia'),
(118, 'Kirguistán'),
(119, 'Kiribati'),
(120, 'Kuwait'),
(121, 'Laos'),
(122, 'Lesotho'),
(123, 'Letonia'),
(124, 'Líbano'),
(125, 'Liberia'),
(126, 'Libia'),
(127, 'Liechtenstein'),
(128, 'Lituania'),
(129, 'Luxemburgo'),
(130, 'Macao'),
(131, 'ARY Macedonia'),
(132, 'Madagascar'),
(133, 'Malasia'),
(134, 'Malawi'),
(135, 'Maldivas'),
(136, 'Malí'),
(137, 'Malta'),
(138, 'Islas Malvinas'),
(139, 'Islas Marianas del Norte'),
(140, 'Marruecos'),
(141, 'Islas Marshall'),
(142, 'Martinica'),
(143, 'Mauricio'),
(144, 'Mauritania'),
(145, 'Mayotte'),
(146, 'México'),
(147, 'Micronesia'),
(148, 'Moldavia'),
(149, 'Mónaco'),
(150, 'Mongolia'),
(151, 'Montserrat'),
(152, 'Mozambique'),
(153, 'Myanmar'),
(154, 'Namibia'),
(155, 'Nauru'),
(156, 'Nepal'),
(157, 'Nicaragua'),
(158, 'Níger'),
(159, 'Nigeria'),
(160, 'Niue'),
(161, 'Isla Norfolk'),
(162, 'Noruega'),
(163, 'Nueva Caledonia'),
(164, 'Nueva Zelanda'),
(165, 'Omán'),
(166, 'Países Bajos'),
(167, 'Pakistán'),
(168, 'Palau'),
(169, 'Palestina'),
(170, 'Panamá'),
(171, 'Papúa Nueva Guinea'),
(172, 'Paraguay'),
(173, 'Perú'),
(174, 'Islas Pitcairn'),
(175, 'Polinesia Francesa'),
(176, 'Polonia'),
(177, 'Portugal'),
(178, 'Puerto Rico'),
(179, 'Qatar'),
(180, 'Reino Unido'),
(181, 'Reunión'),
(182, 'Ruanda'),
(183, 'Rumania'),
(184, 'Rusia'),
(185, 'Sahara Occidental'),
(186, 'Islas Salomón'),
(187, 'Samoa'),
(188, 'Samoa Americana'),
(189, 'San Cristóbal y Nevis'),
(190, 'San Marino'),
(191, 'San Pedro y Miquelón'),
(192, 'San Vicente y las Granadinas'),
(193, 'Santa Helena'),
(194, 'Santa Lucía'),
(195, 'Santo Tomé y Príncipe'),
(196, 'Senegal'),
(197, 'Serbia y Montenegro'),
(198, 'Seychelles'),
(199, 'Sierra Leona'),
(200, 'Singapur'),
(201, 'Siria'),
(202, 'Somalia'),
(203, 'Sri Lanka'),
(204, 'Suazilandia'),
(205, 'Sudáfrica'),
(206, 'Sudán'),
(207, 'Suecia'),
(208, 'Suiza'),
(209, 'Surinam'),
(210, 'Svalbard y Jan Mayen'),
(211, 'Tailandia'),
(212, 'Taiwán'),
(213, 'Tanzania'),
(214, 'Tayikistán'),
(215, 'Territorio Británico del Océano Índico'),
(216, 'Territorios Australes Franceses'),
(217, 'Timor Oriental'),
(218, 'Togo'),
(219, 'Tokelau'),
(220, 'Tonga'),
(221, 'Trinidad y Tobago'),
(222, 'Túnez'),
(223, 'Islas Turcas y Caicos'),
(224, 'Turkmenistán'),
(225, 'Turquía'),
(226, 'Tuvalu'),
(227, 'Ucrania'),
(228, 'Uganda'),
(229, 'Uruguay'),
(230, 'Uzbekistán'),
(231, 'Vanuatu'),
(232, 'Venezuela'),
(233, 'Vietnam'),
(234, 'Islas Vírgenes Británicas'),
(235, 'Islas Vírgenes de los Estados Unidos'),
(236, 'Wallis y Futuna'),
(237, 'Yemen'),
(238, 'Yibuti'),
(239, 'Zambia'),
(240, 'Zimbabue');

-- --------------------------------------------------------

--
-- Estructura de tabla para la tabla `sexo`
--

CREATE TABLE `sexo` (
  `id` int(11) NOT NULL,
  `sexo` char(1) DEFAULT NULL
) ENGINE=InnoDB DEFAULT CHARSET=utf8;

--
-- Volcado de datos para la tabla `sexo`
--

INSERT INTO `sexo` (`id`, `sexo`) VALUES
(1, 'm'),
(2, 'f');

-- --------------------------------------------------------

--
-- Estructura de tabla para la tabla `tipo_documento`
--

CREATE TABLE `tipo_documento` (
  `id` int(11) NOT NULL,
  `tipo_documento` varchar(50) DEFAULT NULL
) ENGINE=InnoDB DEFAULT CHARSET=utf8;

--
-- Volcado de datos para la tabla `tipo_documento`
--

INSERT INTO `tipo_documento` (`id`, `tipo_documento`) VALUES
(2, 'cedula'),
(3, 'pasaporte'),
(4, 'Cédula de extranjería');

--
-- Índices para tablas volcadas
--

--
-- Indices de la tabla `aspirante`
--
ALTER TABLE `aspirante`
  ADD PRIMARY KEY (`idaspirante`,`tipo_documento`,`nacionalidad`,`ciudad_residencia`,`sexo`,`formacion`),
  ADD UNIQUE KEY `correo` (`correo`),
  ADD KEY `fk_aspirante_tipo_documento_idx` (`tipo_documento`),
  ADD KEY `fk_aspirante_nacionalidad1_idx` (`nacionalidad`),
  ADD KEY `fk_aspirante_ciudad_residencia1_idx` (`ciudad_residencia`),
  ADD KEY `fk_aspirante_sexo1_idx` (`sexo`),
  ADD KEY `fk_aspirante_formacion1_idx` (`formacion`);

--
-- Indices de la tabla `ciudad_residencia`
--
ALTER TABLE `ciudad_residencia`
  ADD PRIMARY KEY (`id`);

--
-- Indices de la tabla `coordinador`
--
ALTER TABLE `coordinador`
  ADD PRIMARY KEY (`idcoordinador`),
  ADD UNIQUE KEY `correo` (`correo`);

--
-- Indices de la tabla `formacion`
--
ALTER TABLE `formacion`
  ADD PRIMARY KEY (`id`);

--
-- Indices de la tabla `nacionalidad`
--
ALTER TABLE `nacionalidad`
  ADD PRIMARY KEY (`id`);

--
-- Indices de la tabla `sexo`
--
ALTER TABLE `sexo`
  ADD PRIMARY KEY (`id`);

--
-- Indices de la tabla `tipo_documento`
--
ALTER TABLE `tipo_documento`
  ADD PRIMARY KEY (`id`);

--
-- AUTO_INCREMENT de las tablas volcadas
--

--
-- AUTO_INCREMENT de la tabla `aspirante`
--
ALTER TABLE `aspirante`
  MODIFY `idaspirante` int(11) NOT NULL AUTO_INCREMENT, AUTO_INCREMENT=16;

--
-- AUTO_INCREMENT de la tabla `ciudad_residencia`
--
ALTER TABLE `ciudad_residencia`
  MODIFY `id` int(11) NOT NULL AUTO_INCREMENT, AUTO_INCREMENT=8;

--
-- AUTO_INCREMENT de la tabla `coordinador`
--
ALTER TABLE `coordinador`
  MODIFY `idcoordinador` int(11) NOT NULL AUTO_INCREMENT, AUTO_INCREMENT=12;

--
-- AUTO_INCREMENT de la tabla `sexo`
--
ALTER TABLE `sexo`
  MODIFY `id` int(11) NOT NULL AUTO_INCREMENT, AUTO_INCREMENT=3;

--
-- AUTO_INCREMENT de la tabla `tipo_documento`
--
ALTER TABLE `tipo_documento`
  MODIFY `id` int(11) NOT NULL AUTO_INCREMENT, AUTO_INCREMENT=5;

--
-- Restricciones para tablas volcadas
--

--
-- Filtros para la tabla `aspirante`
--
ALTER TABLE `aspirante`
  ADD CONSTRAINT `fk_aspirante_ciudad_residencia1` FOREIGN KEY (`ciudad_residencia`) REFERENCES `ciudad_residencia` (`id`) ON DELETE NO ACTION ON UPDATE NO ACTION,
  ADD CONSTRAINT `fk_aspirante_formacion1` FOREIGN KEY (`formacion`) REFERENCES `formacion` (`id`) ON DELETE NO ACTION ON UPDATE NO ACTION,
  ADD CONSTRAINT `fk_aspirante_nacionalidad1` FOREIGN KEY (`nacionalidad`) REFERENCES `nacionalidad` (`id`) ON DELETE NO ACTION ON UPDATE NO ACTION,
  ADD CONSTRAINT `fk_aspirante_sexo1` FOREIGN KEY (`sexo`) REFERENCES `sexo` (`id`) ON DELETE NO ACTION ON UPDATE NO ACTION,
  ADD CONSTRAINT `fk_aspirante_tipo_documento` FOREIGN KEY (`tipo_documento`) REFERENCES `tipo_documento` (`id`) ON DELETE NO ACTION ON UPDATE NO ACTION;
COMMIT;

/*!40101 SET CHARACTER_SET_CLIENT=@OLD_CHARACTER_SET_CLIENT */;
/*!40101 SET CHARACTER_SET_RESULTS=@OLD_CHARACTER_SET_RESULTS */;
/*!40101 SET COLLATION_CONNECTION=@OLD_COLLATION_CONNECTION */;
